"","Name","Cluster","Percent_Change","Symbol","Industry"
"1","AMARA HOLDINGS LTD ",1,6.06060606060605,"A34.SI","Consumer Discretionary"
"2","ANNAIK LIMITED",1,52.6315789473684,"A52.SI","Materials"
"3","ASIAMEDIC LIMITED",1,28.6606637752216,"505.SI","Healthcare"
"4","ASTI HOLDINGS LIMITED ",1,3.8961038961039,"575.SI","Information Technology"
"5","AVI-TECH ELECTRONICS LIMITED ",1,10.2564102564102,"BKY.SI","Information Technology"
"6","BM MOBILITY LTD.",1,7.6923076923077,"I9T.SI","Materials"
"7","BONVESTS HOLDINGS LTD ",1,9.85915492957747,"B28.SI","Industrials"
"8","BOUSTEAD PROJECTS LIMITED ",1,52,"AVM.SI","Industrials"
"9","CAPITAL WORLD LIMITED. ",1,4.08163265306123,"1D5.SI","Materials"
"10","CHARISMA ENERGY SERVICES LTD ",1,29.8449612403101,"5QT.SI","Industrials"
"11","CHEUNG WOH TECHNOLOGIES LTD",1,10.7142857142857,"C50.SI","Industrials"
"12","CHINA KUNDA TECH HOLDINGS LTD",1,10,"GU5.SI","Industrials"
"13","COMFORTDELGRO CORPORATION LTD",1,1.81818181818182,"C52.SI","Industrials"
"14","CREATIVE TECHNOLOGY LTD",1,6.61375661375663,"C76.SI","Information Technology"
"15","DAIRY FARM INT'L HOLDINGS LTD",1,13.7931034482759,"D01.SI","Consumer Staples"
"16","DISA LIMITED ",1,33.0960854092527,"532.SI","Information Technology"
"17","FALCON ENERGY GROUP LIMITED",1,0,"5FL.SI","Energy"
"18","GAYLIN HOLDINGS LIMITED ",1,60,"RF7.SI","Energy"
"19","GRP LTD ",1,0,"BLU.SI","Information Technology"
"20","GSS ENERGY LIMITED",1,0,"41F.SI","Information Technology"
"21","GUOCOLAND LIMITED",1,0,"F17.SI","Real Estate"
"22","HATTEN LAND LIMITED ",1,4.24929178470256,"PH0.SI","Real Estate"
"23","HEETON HOLDINGS LIMITED ",1,25.668449197861,"5DP.SI","Real Estate"
"24","HG METAL MANUFACTURING LTD",1,0.813008130081302,"BTG.SI","Industrials"
"25","HIAP SENG ENGINEERING LTD",1,1.16279069767442,"510.SI","Energy"
"26","HLH GROUP LIMITED",1,15.1515151515151,"H27.SI","Consumer Staples"
"27","HOCK LIAN SENG HOLDINGS LTD",1,20.2380952380952,"J2T.SI","Industrials"
"28","IHH HEALTHCARE BERHAD ",1,27.5510204081633,"Q0F.SI","Healthcare"
"29","INTERRA RESOURCES LIMITED ",1,10.7594936708861,"5GI.SI","Energy"
"30","ISOTEAM LTD.",1,13.6363636363636,"5WF.SI","Industrials"
"31","JUMBO GROUP LIMITED ",1,4.28571428571427,"42R.SI","Consumer Discretionary"
"32","KEPPEL TELE & TRAN",1,24.031007751938,"K11.SI","Industrials"
"33","KHONG GUAN LIMITED ",1,88.8888888888889,"K03.SI","Consumer Staples"
"34","KING WAN CORPORATION LIMITED ",1,21.0526315789474,"554.SI","Industrials"
"35","KSH HOLDINGS LIMITED ",1,4.58715596330274,"ER0.SI","Industrials"
"36","LAFE CORPORATION LIMITED ",1,4.42477876106195,"AYB.SI","Real Estate"
"37","LCT HOLDINGS LIMITED ",1,17.5,"BJL.SI","Information Technology"
"38","LUXKING GROUP HOLDINGS LIMITED",1,7.31707317073171,"BKK.SI","Industrials"
"39","MEDTECS INTERNATIONAL CORP LTD ",1,16.1290322580645,"546.SI","Healthcare"
"40","NAUTICAWT LIMITED",1,10.2040816326531,"42D.SI","Energy"
"41","NEO GROUP LIMITED",1,6.38297872340426,"5UJ.SI","Industrials"
"42","OLD CHANG KEE LTD.",1,5.29411764705881,"5ML.SI","Consumer Staples"
"43","PEC LTD. ",1,14.2857142857143,"IX2.SI","Industrials"
"44","PENGUIN INTERNATIONAL LIMITED ",1,5.88235294117648,"BTM.SI","Industrials"
"45","SAPPHIRE CORPORATION LIMITED ",1,3.70370370370371,"BRD.SI","Industrials"
"46","SBS TRANSIT LTD",1,22.6415094339623,"S61.SI","Industrials"
"47","SING HOLDINGS LIMITED ",1,-3.84615384615384,"5IC.SI","Real Estate"
"48","STARBURST HOLDINGS LIMITED",1,4.52127659574469,"40D.SI","Industrials"
"49","STARHUB LTD ",1,1.3986013986014,"CC3.SI","Telecommunications"
"50","SUTL ENTERPRISE LIMITED ",1,-2.22222222222222,"BHU.SI","Information Technology"
"51","TELECHOICE INTERNATIONAL LTD",1,25.668449197861,"T41.SI","Information Technology"
"52","THAI BEVERAGE PUBLIC CO LTD",1,50,"Y92.SI","Consumer Staples"
"53","UNITED FOOD HOLDINGS LIMITED",1,4.44444444444444,"AZR.SI","Consumer Staples"
"54","UOL GROUP LIMITED",1,43.75,"U14.SI","Real Estate"
"55","VARD HOLDINGS LIMITED ",1,0,"MS7.SI","Industrials"
"56","WILMAR INTERNATIONAL LIMITED ",1,24.6575342465753,"F34.SI","Consumer Staples"
"57","WONG FONG INDUSTRIES LIMITED",1,10.655737704918,"1A1.SI","Industrials"
"58","YANLORD LAND GROUP LIMITED",1,1.11524163568774,"Z25.SI","Real Estate"
"59","YEO HIAP SENG LTD",1,13.2231404958678,"Y03.SI","Consumer Staples"
"60","ABUNDANCE INTERNATIONAL LTD",2,-3.15789473684211,"541.SI","Industrials"
"61","AF GLOBAL LIMITED",2,-30.7317073170732,"L38.SI","Consumer Discretionary"
"62","AIMS PROPERTY SECURITIES FUND",2,-13.3333333333333,"BVP.SI","Real Estate"
"63","ALPHA ENERGY HOLDINGS LIMITED",2,-28.5714285714286,"5TS.SI","Energy"
"64","ANAN INTERNATIONAL LIMITED ",2,-62.5,"Y35.SI","Energy"
"65","ASIA ENTERPRISES HOLDING LTD ",2,-8.76288659793814,"A55.SI","Industrials"
"66","ASIAN PAY TELEVISION TRUST",2,-6.57894736842106,"S7OU.SI","Consumer Discretionary"
"67","BBR HOLDINGS ",2,-0.970873786407768,"KJ5.SI","Industrials"
"68","BEST WORLD INTERNATIONAL LTD",2,-16.6666666666667,"CGN.SI","Consumer Staples"
"69","BROOK CROMPTON HOLDINGS LTD.",2,-18.4357541899441,"AWC.SI","Industrials"
"70","CHALLENGER TECHNOLOGIES LTD",2,-11.4754098360656,"573.SI","Consumer Discretionary"
"71","CHASEN HOLDINGS LIMITED ",2,-4.91803278688525,"5NV.SI","Industrials"
"72","CHINA MEDICAL ",2,-6.36363636363637,"5IB.SI","Industrials"
"73","CHINA TAISAN TECH GRP HLDGSLTD",2,-13.0434782608696,"AZW.SI","Consumer Discretionary"
"74","CHINESE GLOBAL INVESTORS GRP",2,-3.22580645161291,"5CJ.SI","Industrials"
"75","CHIP ENG SENG CORPORATION LTD",2,-14,"C29.SI","Industrials"
"76","CHUAN HUP HOLDINGS LIMITED",2,-6.9672131147541,"C33.SI","Information Technology"
"77","CITY DEVELOPMENTS LIMITED ",2,-3.3195020746888,"C09.SI","Real Estate"
"78","CWG INTERNATIONAL LTD. ",2,-12,"ACW.SI","Real Estate"
"79","CWX GLOBAL LIMITED",2,-22.9885057471264,"594.SI","Energy"
"80","DYNAMIC COLOURS LIMITED ",2,-3.84615384615384,"D6U.SI","Materials"
"81","ENVIRO-HUB HOLDINGS LTD",2,-4.80349344978165,"L23.SI","Materials"
"82","ES GROUP (HOLDINGS)",2,-16.9117647058824,"5RC.SI","Industrials"
"83","EUROSPORTS GLOBAL LIMITED ",2,-1.69491525423729,"5G1.SI","Consumer Discretionary"
"84","FAR EAST GROUP LIMITED ",2,-0.47619047619048,"5TJ.SI","Industrials"
"85","FIRST SPONSOR GROUP LIMITED",2,-17.3913043478261,"ADN.SI","Real Estate"
"86","GALLANT VENTURE LTD. ",2,-7.40740740740741,"5IG.SI","Industrials"
"87","GCCP RESOURCES LIMITED ",2,-6.74157303370787,"41T.SI","Materials"
"88","GENTING HONG KONG LIMITED ",2,-7.40740740740741,"S21.SI","Consumer Discretionary"
"89","GP INDUSTRIES LIMITED ",2,-2.76243093922652,"G20.SI","Information Technology"
"90","ISDN HOLDINGS LIMITED ",2,-3.73831775700935,"I07.SI","Industrials"
"91","ISEC HEALTHCARE LTD. ",2,-23.728813559322,"40T.SI","Healthcare"
"92","JARDINE CYCLE & CARRIAGE LTD",2,-66.6666666666667,"C07.SI","Consumer Discretionary"
"93","KARIN TECHNOLOGY HLDGS LIMITED",2,-15.5555555555556,"K29.SI","Information Technology"
"94","KEONG HONG HOLDINGS LIMITED",2,-8.25688073394496,"5TT.SI","Industrials"
"95","KEPPEL INFRA TRUST WEF 2015 ",2,-14.0583554376658,"A7RU.SI","Utilities"
"96","KOYO INTERNATIONAL LIMITED ",2,-27.2727272727273,"5OC.SI","Industrials"
"97","KRISENERGY LTD.",2,-17.6470588235294,"SK3.SI","Energy"
"98","LASSETERS INTL HOLDINGS LTD",2,-19.811320754717,"5EL.SI","Consumer Discretionary"
"99","LHN LIMITED ",2,-13.5135135135135,"41O.SI","Real Estate"
"100","LIFEBRANDZ LTD.",2,-47.2972972972973,"1D3.SI","Consumer Discretionary"
"101","LION ASIAPAC LTD",2,-26.0869565217391,"BAZ.SI","Materials"
"102","MDR LIMITED ",2,-27.5,"A27.SI","Information Technology"
"103","MEGHMANI ORGANICS LIMITED ",2,-7.7922077922078,"M30.SI","Materials"
"104","MERCURIUS CAP INVESTMENT LTD",2,-6.81818181818182,"5RF.SI","Consumer Discretionary"
"105","MERMAID MARITIME PUBLIC CO LTD",2,-28.9256198347107,"DU4.SI","Energy"
"106","MTQ CORPORATION LIMITED ",2,-33.1428571428571,"M05.SI","Energy"
"107","NAM LEE PRESSED METAL INDS LTD",2,-30.8139534883721,"G0I.SI","Industrials"
"108","NICO STEEL HOLDINGS LIMITED",2,-16.2790697674419,"5GF.SI","Materials"
"109","NSL LTD. ",2,-6.74157303370787,"N02.SI","Materials"
"110","OCEAN SKY INTERNATIONAL LTD",2,-4.83870967741936,"1B6.SI","Real Estate"
"111","OLIVE TREE ESTATES LIMITED ",2,-4.81927710843373,"1H2.SI","Materials"
"112","PACIFIC CENTURY REGIONAL DEVTS",2,-20.3252032520325,"P15.SI","Financials"
"113","PACIFIC STAR DEVELOPMENT LTD",2,-14.4067796610169,"1C5.SI","Real Estate"
"114","PAN HONG HOLDINGS GROUP LTD ",2,-6.24999999999999,"P36.SI","Real Estate"
"115","PRUDENTIAL PLC",2,-3.76569037656905,"K6S.SI","Financials"
"116","QAF LTD ",2,-11.4285714285714,"Q01.SI","Consumer Staples"
"117","QT VASCULAR LTD.",2,-25,"5I0.SI","Healthcare"
"118","ROXY-PACIFIC HOLDINGS LIMITED",2,-13.6792452830189,"E8Z.SI","Real Estate"
"119","S I2I LIMITED ",2,-9.73451327433627,"BAI.SI","Telecommunications"
"120","SAMURAI 2K AEROSOL LIMITED",2,-5.17241379310343,"1C3.SI","Materials"
"121","SAN TEH LIMITED",2,0,"S46.SI","Consumer Discretionary"
"122","SANTAK HOLDINGS LIMITED ",2,-12.0879120879121,"580.SI","Industrials"
"123","SECURA GROUP LIMITED ",2,-3.02197802197803,"43B.SI","Industrials"
"124","SEMBCORP INDUSTRIES LTD",2,-9.23076923076924,"U96.SI","Industrials"
"125","SHS HOLDINGS LTD.",2,-3.07692307692308,"566.SI","Energy"
"126","SIIC ENVIRONMENT HOLDINGS LTD.",2,-8.47457627118643,"BHK.SI","Utilities"
"127","SINARMAS LAND LIMITED ",2,-11.5384615384615,"A26.SI","Real Estate"
"128","SINGAPORE MYANMAR INVESTCO LTD ",2,-51.8072289156626,"Y45.SI","Industrials"
"129","SITRA HOLDINGS ",2,-12.5,"5LE.SI","Consumer Discretionary"
"130","SOON LIAN HOLDINGS LIMITED ",2,-9.85507246376811,"5MD.SI","Industrials"
"131","SPINDEX INDUSTRIES LIMITED ",2,-6.84931506849314,"564.SI","Industrials"
"132","STRAITS TRADING CO. LTD ",2,-8.9430894308943,"S20.SI","Materials"
"133","SWEE HONG LIMITED",2,-9.40170940170939,"QF6.SI","Industrials"
"134","TAT SENG PACKAGING GROUP LTD ",2,-20.4545454545454,"T12.SI","Materials"
"135","TECKWAH INDUSTRIAL CORP LTD ",2,-4.61538461538462,"561.SI","Industrials"
"136","UNION STEEL HOLDINGS LIMITED",2,-25,"BLA.SI","Industrials"
"137","UOB-KAY HIAN HOLDINGS LIMITED",2,-20.2898550724638,"U10.SI","Financials"
"138","VALUETRONICS HOLDINGS LIMITED",2,-13.0769230769231,"BN2.SI","Information Technology"
"139","VIBROPOWER CORPORATION LIMITED ",2,-30.5555555555555,"BJD.SI","Industrials"
"140","WHEELOCK PROPERTIES ",2,-2.5830258302583,"M35.SI","Real Estate"
"141","WILTON RESOURCES CORP LIMITED ",2,-12.5,"5F7.SI","Materials"
"142","Y VENTURES GROUP LTD. ",2,-17.3913043478261,"1F1.SI","Consumer Discretionary"
"143","YANGZIJIANG SHIPBLDG HLDGS LTD",2,-2.6086956521739,"BS6.SI","Industrials"
"144","YONGNAM HOLDINGS LIMITED ",2,1.81818181818182,"AXB.SI","Industrials"
"145","AA GROUP HOLDINGS LTD. ",3,-33.3333333333333,"5GZ.SI","Information Technology"
"146","ABR HOLDINGS LIMITED ",3,-13.0232558139535,"533.SI","Consumer Discretionary"
"147","ADVANCED HOLDINGS LTD. ",3,-13.8461538461538,"BLZ.SI","Energy"
"148","ADVANCER GLOBAL LIMITED ",3,-6.16438356164383,"43Q.SI","Industrials"
"149","ADVENTUS HOLDINGS LIMITED ",3,-4.97237569060774,"5EF.SI","Information Technology"
"150","AEI CORPORATION LTD ",3,-20.3125,"AWG.SI","Industrials"
"151","AEM HOLDINGS LTD",3,-11.1111111111111,"AWX.SI","Information Technology"
"152","AMPLEFIELD LIMITED",3,-5.35714285714286,"AOF.SI","Real Estate"
"153","ANNICA HOLDINGS LIMITED ",3,-8.82352941176471,"5AL.SI","Energy"
"154","AP OIL INTERNATIONAL LIMITED ",3,0.52910052910053,"5AU.SI","Materials"
"155","ARION ENTERTAINMENT SING LTD ",3,-6.06060606060607,"5VU.SI","Consumer Discretionary"
"156","AUSGROUP LIMITED",3,-16.1290322580645,"5GJ.SI","Industrials"
"157","BAKER TECHNOLOGY LIMITED ",3,-9.30232558139534,"BTP.SI","Energy"
"158","BOLDTEK HOLDINGS LIMITED ",3,-8.25688073394496,"5VI.SI","Industrials"
"159","BOUSTEAD SINGAPORE LIMITED",3,-7.14285714285715,"F9D.SI","Energy"
"160","CAMSING HEALTHCARE LIMITED",3,-4.65116279069768,"BAC.SI","Consumer Discretionary"
"161","CENTURION CORPORATION LIMITED ",3,-5.37634408602151,"OU8.SI","Consumer Discretionary"
"162","CHEMICAL INDUSTRIES FAR EAST",3,-19.047619047619,"C05.SI","Materials"
"163","CHINA GREAT LAND HOLDINGS LTD.",3,-11.6666666666667,"D50.SI","Industrials"
"164","CHINA JINJIANG ENV HLDG CO LTD",3,-21.0526315789474,"BWM.SI","Utilities"
"165","COSMOSTEEL HOLDINGS LIMITED",3,-17.6211453744493,"B9S.SI","Energy"
"166","CPH LTD ",3,0,"539.SI","Information Technology"
"167","DATAPULSE TECHNOLOGY LIMITED ",3,4.25531914893617,"BKW.SI","Information Technology"
"168","DEL MONTE PACIFIC LIMITED ",3,0,"D03.SI","Consumer Staples"
"169","DESIGN STUDIO GROUP LTD. ",3,-0.719424460431655,"D11.SI","Industrials"
"170","DUTY FREE INTERNATIONALLIMITED",3,-18.6440677966102,"5SO.SI","Consumer Discretionary"
"171","DYNA-MAC HOLDINGS LTD. ",3,-21.2127256407699,"NO4.SI","Energy"
"172","ELEC & ELTEK INT CO LTD ",3,-1.53846153846154,"E16.SI","Information Technology"
"173","FU YU CORPORATION LTD ",3,-8,"F13.SI","Industrials"
"174","FUJI OFFSET PLATES MFG LTD ",3,-13.6842105263158,"508.SI","Industrials"
"175","FULL APEX ",3,-17.2413793103448,"BTY.SI","Materials"
"176","HAI LECK HOLDINGS LIMITED ",3,1.13636363636364,"BLH.SI","Energy"
"177","HIAP TONG CORPORATION LTD.",3,-14.2105263157895,"5PO.SI","Industrials"
"178","HL GLOBAL ENTERPRISES LIMITED ",3,-25.6637168141593,"AVX.SI","Consumer Discretionary"
"179","HO BEE LAND LIMITED",3,-10.0574712643678,"H13.SI","Real Estate"
"180","HONG LEONG ASIA LTD. ",3,-9.0909090909091,"H22.SI","Industrials"
"181","HONGKONG LAND HOLDINGS LIMITED",3,-6.32183908045978,"H78.SI","Real Estate"
"182","HOTEL ROYAL LTD",3,-33.3333333333333,"H12.SI","Consumer Discretionary"
"183","HOTUNG INVESTMENT HLDGS LTD ",3,-20.1438848920863,"BLS.SI","Financials"
"184","HWA HONG CORPORATION LIMITED ",3,-0.799999999999995,"H19.SI","Real Estate"
"185","HYFLUX LTD ",3,-17.7083333333333,"600.SI","Utilities"
"186","IEV HOLDINGS LIMITED ",3,-3.6764705882353,"5TN.SI","Energy"
"187","INFINIO GROUP LIMITED ",3,-38.2352941176471,"5G4.SI","Materials"
"188","INFORMATICS EDUCATION LTD.",3,-8.69565217391305,"BOU.SI","Consumer Discretionary"
"189","JACKSPEED CORPORATION LIMITED ",3,-30.188679245283,"J17.SI","Consumer Discretionary"
"190","JARDINE MATHESON HLDGS LTD ",3,-4.45544554455446,"J36.SI","Industrials"
"191","JASON MARINE GROUP LIMITED",3,-2.5974025974026,"5PF.SI","Industrials"
"192","JASPER INVESTMENTS LIMITED ",3,-11.3636363636364,"FQ7.SI","Energy"
"193","JEP HOLDINGS LTD.",3,-9.25925925925927,"5FA.SI","Industrials"
"194","JIUTIAN CHEMICAL GROUP LIMITED",3,1.35135135135135,"C8R.SI","Materials"
"195","KENCANA AGRI LIMITED ",3,-25,"BNE.SI","Consumer Staples"
"196","KIMLY LIMITED",3,-5.12820512820513,"1D0.SI","Consumer Discretionary"
"197","KINGSMEN CREATIVES LTD",3,-11.1111111111111,"5MZ.SI","Industrials"
"198","KLW HOLDINGS LTD",3,30,"504.SI","Industrials"
"199","KODA LTD ",3,-19.1304347826087,"BJZ.SI","Consumer Discretionary"
"200","KOH BROTHERS GROUP LIMITED",3,-20.6349206349206,"K75.SI","Industrials"
"201","KOON HOLDINGS LIMITED ",3,-5.94059405940595,"5DL.SI","Industrials"
"202","LEY CHOON GROUP HLDG LIMITED",3,-2.46305418719211,"Q0X.SI","Industrials"
"203","LORENZO INTERNATIONAL LIMITED ",3,1.85185185185185,"5IE.SI","Consumer Discretionary"
"204","MAXI-CASH FIN SVCS CORP LTD ",3,-14.2857142857143,"5UF.SI","Financials"
"205","MEMORIES GROUP LIMITED ",3,0,"1H4.SI","Consumer Discretionary"
"206","MFG INTEGRATION TECHNOLOGY LTD",3,-5.90148407377583,"M11.SI","Information Technology"
"207","MICRO-MECHANICS HOLDINGS",3,-10.0863198546115,"5DD.SI","Information Technology"
"208","MUN SIONG ENGINEERING LIMITED ",3,-4,"MF6.SI","Industrials"
"209","MYP LTD. ",3,-0.584795321637427,"F86.SI","Real Estate"
"210","NEW TOYO INT HLDGS LTD ",3,3.57142857142855,"N08.SI","Materials"
"211","NOBLE GROUP LIMITED ",3,-8.47457627118643,"CGP.SI","Industrials"
"212","NOEL GIFTS INTERNATIONAL LTD",3,-17.1428571428571,"543.SI","Consumer Discretionary"
"213","NUTRYFARM INTERNATIONAL LTD",3,-45.7286432160804,"AZT.SI","Consumer Staples"
"214","OKP HOLDINGS LIMITED ",3,0.900900900900902,"5CF.SI","Industrials"
"215","PACC OFFSHORE SVCS HLDG LTD. ",3,-17.4418604651163,"U6C.SI","Energy"
"216","PAN ASIAN HOLDINGS LIMITED ",3,-26.530612244898,"5EW.SI","Industrials"
"217","PAN OCEAN CO., LTD.",3,-30.7017543859649,"AZY.SI","Industrials"
"218","PCI LIMITED ",3,-16.2162162162162,"P19.SI","Information Technology"
"219","POLARIS LTD. ",3,0,"5BI.SI","Telecommunications"
"220","Q & M DENTAL GROUP ",3,-54.8387096774194,"QC7.SI","Healthcare"
"221","REGAL INTERNATIONAL GROUP LTD. ",3,-20,"UV1.SI","Information Technology"
"222","SHINVEST HOLDING LTD. ",3,-8.0168776371308,"BJW.SI","Industrials"
"223","SING INVESTMENTS & FINANCE LTD ",3,-9.67741935483871,"S35.SI","Financials"
"224","SINGAPORE EXCHANGE LIMITED",3,-7.14285714285715,"S68.SI","Financials"
"225","SINGAPORE MEDICAL GROUP LTD ",3,-3.61445783132529,"5OT.SI","Healthcare"
"226","SINGAPORE SHIPPING CORP LTD ",3,-9.42028985507246,"S19.SI","Industrials"
"227","SINOCLOUD GROUP LIMITED ",3,-3.22580645161291,"5EK.SI","Information Technology"
"228","SINWA LIMITED",3,-6.66666666666667,"5CN.SI","Industrials"
"229","SOUP RESTAURANT GROUP LIMITED",3,-2.22222222222222,"5KI.SI","Consumer Discretionary"
"230","SOUTHERN PACKAGING GROUP LTD ",3,-6.59898477157361,"BQP.SI","Materials"
"231","SRI TRANG AGRO-INDUSTRY PCL",3,-6.60377358490565,"NC2.SI","Consumer Discretionary"
"232","STAMFORD LAND CORPORATION LTD",3,-11.1111111111111,"H07.SI","Consumer Discretionary"
"233","SYSMA HOLDINGS LIMITED ",3,-15,"5UO.SI","Industrials"
"234","TAI SIN ELECTRIC LIMITED ",3,-11.764705882353,"500.SI","Industrials"
"235","TEE INTERNATIONAL LIMITED ",3,-7.91366906474821,"M1Z.SI","Industrials"
"236","TIANJIN ZHONG XIN PHARM GROUP",3,-0.76923076923077,"T14.SI","Healthcare"
"237","TPV TECHNOLOGY LIMITED ",3,-20,"T18.SI","Information Technology"
"238","TRANSIT-MIXED CONCRETE LTD",3,-3.90625,"570.SI","Materials"
"239","TRAVELITE HOLDINGS LTD. ",3,-2.5,"BCZ.SI","Consumer Discretionary"
"240","TREK 2000 INT'L LTD",3,-4.34782608695652,"5AB.SI","Information Technology"
"241","TRITECH GROUP LIMITED ",3,-4,"5G9.SI","Industrials"
"242","UNITED ENGINEERS LTD ORD ",3,0,"U04.SI","Industrials"
"243","UNITED OVERSEAS AUSTRALIA LTD",3,1.72413793103448,"EH5.SI","Real Estate"
"244","UNITED OVERSEAS BANK LTD ",3,-4.54866839500354,"U11.SI","Financials"
"245","USP GROUP LIMITED",3,0.877192982456141,"BRS.SI","Energy"
"246","VASHION GROUP LTD.",3,-17.5068744271311,"1F4.SI","Consumer Discretionary"
"247","VIBRANT GROUP LIMITED ",3,-1.57894736842104,"BIP.SI","Industrials"
"248","VICOM LTD ",3,-2.29007633587786,"V01.SI","Industrials"
"249","WILLAS-ARRAY ELEC ",3,-8.5972850678733,"BDR.SI","Information Technology"
"250","ZICO HOLDINGS INC.",3,-4.03726708074535,"40W.SI","Industrials"
"251","A-SMART HOLDINGS LTD. ",4,0,"BQC.SI","Industrials"
"252","ABTERRA LTD ",4,-10.2941176470588,"L5I.SI","Industrials"
"253","ACE ACHIEVE INFOCOM LIMITED",4,8.3028083028083,"A75.SI","Telecommunications"
"254","ALIBABA PICTURES GROUP LIMITED",4,7.14285714285715,"S91.SI","Consumer Discretionary"
"255","ALLIED TECHNOLOGIES LIMITED ",4,3.93700787401575,"A13.SI","Industrials"
"256","ANCHUN INTERNATIONAL HLDGS LTD ",4,-2.03045685279188,"BTX.SI","Materials"
"257","ASIATIC GROUP ",4,17.5,"5CR.SI","Industrials"
"258","ASL MARINE HOLDINGS LTD",4,3.34928229665073,"A04.SI","Industrials"
"259","ASPEN GROUP",4,-9.09090909090909,"1F3.SI","Real Estate"
"260","BANYAN TREE HOLDINGS LIMITED",4,-21.2140373063547,"B58.SI","Consumer Discretionary"
"261","CASA HOLDINGS LIMITED ",4,1.23456790123457,"C04.SI","Consumer Discretionary"
"262","COMPACT METAL INDUSTRIES LTD",4,-10,"T4E.SI","Industrials"
"263","CSE GLOBAL LTD",4,4.68085106382978,"544.SI","Information Technology"
"264","DELFI LIMITED",4,11.1111111111111,"P34.SI","Consumer Staples"
"265","EPICENTRE HOLDINGS LIMITED ",4,26.6666666666667,"5MQ.SI","Consumer Discretionary"
"266","EXCELPOINT TECHNOLOGY LTD",4,13.5135135135135,"BDF.SI","Information Technology"
"267","F J BENJAMIN HOLDINGS LTD",4,3.22580645161291,"F10.SI","Consumer Discretionary"
"268","FABCHEM CHINA LIMITED ",4,-3.96825396825397,"BFT.SI","Materials"
"269","GEO ENERGY RESOURCES LIMITED",4,0,"RE4.SI","Energy"
"270","GKE CORPORATION LIMITED ",4,25.6410256410256,"595.SI","Industrials"
"271","GLOBAL TESTING CORPORATION LTD",4,3.6144578313253,"AYN.SI","Information Technology"
"272","HALCYON AGRI CORPORATION LTD",4,4.85436893203884,"5VJ.SI","Industrials"
"273","HOE LEONG CORPORATION LTD.",4,8.10810810810812,"H20.SI","Industrials"
"274","HONG FOK CORPORATION LTD",4,0.803212851405605,"H30.SI","Real Estate"
"275","IPCO INT'L LIMITED",4,2.22222222222222,"I11.SI","Utilities"
"276","JADASON ENTERPRISES LTD",4,4.95867768595042,"J03.SI","Information Technology"
"277","KOH BROTHERS ECO ENGG LIMITED",4,1.58730158730159,"5HV.SI","Industrials"
"278","LIAN BENG GROUP LTD ",4,2.4390243902439,"L03.SI","Industrials"
"279","LTC CORPORATION LIMITED ",4,0.543478260869566,"L17.SI","Materials"
"280","M1 LIMITED ",4,0,"B2F.SI","Telecommunications"
"281","MALAYSIA SMELTING CORP BHD 100",4,5.71428571428572,"NC9.SI","Materials"
"282","METECH INTERNATIONAL LIMITED ",4,8.08080808080809,"QG1.SI","Industrials"
"283","METRO HOLDINGS LIMITED ",4,2.32558139534884,"M01.SI","Consumer Discretionary"
"284","MIDAS HLDGS LIMITED ",4,8.06451612903227,"5EN.SI","Materials"
"285","MULTI-CHEM LIMITED",4,4.41176470588235,"AWZ.SI","Information Technology"
"286","NEW WAVE HOLDINGS LTD.",4,59.6385542168675,"5FX.SI","Industrials"
"287","OKH GLOBAL LTD.",4,2.08333333333334,"S3N.SI","Industrials"
"288","OSSIA INTERNATIONAL LTD",4,-5.67375886524821,"O08.SI","Consumer Discretionary"
"289","OUE LIPPO HEALTHCARE LTD",4,1.81818181818182,"5WA.SI","Healthcare"
"290","OUHUA ENERGY HOLDINGS LIMITED",4,7.14285714285714,"AJ2.SI","Energy"
"291","PAN-UNITED CORPORATION LTD",4,-4.73684210526316,"P52.SI","Industrials"
"292","PLASTOFORM HOLDINGS LIMITED",4,9.52380952380951,"AYD.SI","Consumer Discretionary"
"293","PROCURRI CORPORATION LIMITED ",4,1.51515151515152,"BVQ.SI","Information Technology"
"294","QIAN HU CORPORATION LIMITED ",4,-2.17391304347826,"BCV.SI","Consumer Discretionary"
"295","RAMBA ENERGY LIMITED ",4,2.01729106628242,"R14.SI","Industrials"
"296","RIVERSTONE HOLDINGS LIMITED",4,17.9487179487179,"AP4.SI","Industrials"
"297","SAMKO TIMBER LIMITED ",4,0.675675675675676,"E6R.SI","Materials"
"298","SAMUDERA SHIPPING LINE LTD ",4,4.25531914893617,"S56.SI","Industrials"
"299","SATS LTD. ",4,8.7979094076655,"S58.SI","Industrials"
"300","SILVERLAKE AXIS LTD",4,16.5354330708661,"5CP.SI","Information Technology"
"301","SINGAPORE POST LIMITED ",4,9.75609756097562,"S08.SI","Industrials"
"302","SINGAPORE TECH ENGINEERING LTD",4,2.68456375838926,"S63.SI","Industrials"
"303","STAR PHARMACEUTICAL LIMITED ",4,-3.92156862745098,"AYL.SI","Healthcare"
"304","STRACO CORPORATION LIMITED ",4,4.76190476190477,"S85.SI","Consumer Discretionary"
"305","TIH LIMITED ",4,0,"T55.SI","Financials"
"306","TSH CORPORATION LIMITED ",4,22.2222222222222,"574.SI","Consumer Discretionary"
"307","VALLIANZ HOLDINGS LIMITED ",4,13.0434782608696,"545.SI","Energy"
"308","VALUEMAX GROUP LIMITED ",4,12.5,"T6I.SI","Financials"
"309","YUUZOO CORPORATION LIMITED ",4,-5.40467382477668,"AFC.SI","Information Technology"
"310","800 SUPER HOLDINGS LIMITED ",5,37.5,"5TG.SI","Industrials"
"311","ACROMEC LIMITED",5,3.29670329670329,"43F.SI","Industrials"
"312","ADVANCED SYSTEMS AUTOMATION ",5,1.5748031496063,"5TY.SI","Information Technology"
"313","AGV GROUP LIMITED",5,15.9090909090909,"1A4.SI","Materials"
"314","AOXIN Q & M DENTAL GRP LIMITED ",5,17.0068027210884,"1D4.SI","Healthcare"
"315","ASIAPHOS LIMITED",5,16.9491525423729,"5WV.SI","Materials"
"316","AUSNET SERVICES LTD ",5,13.3444082693471,"AZI.SI","Utilities"
"317","AZEUS SYSTEMS HOLDINGS LTD.",5,10.5485232067511,"BBW.SI","Information Technology"
"318","BAN LEONG TECHNOLOGIES LIMITED ",5,12.8787878787879,"B26.SI","Information Technology"
"319","BH GLOBAL CORPORATION LIMITED ",5,12.8,"BQN.SI","Industrials"
"320","BRC ASIA LIMITED",5,163.157894736842,"BEC.SI","Industrials"
"321","BUND CENTER INVESTMENT LTD",5,22.0527045769764,"BTE.SI","Real Estate"
"322","CAPTII LIMITED",5,14.2857142857143,"AWV.SI","Information Technology"
"323","CEI LIMITED ",5,35.7142857142857,"AVV.SI","Information Technology"
"324","CITIC ENVIROTECH LTD. ",5,4.41988950276242,"CEE.SI","Industrials"
"325","DEBAO PROPERTY DEVELOPMENT LTD",5,4.47761194029849,"BTF.SI","Real Estate"
"326","DECLOUT LIMITED",5,137.5,"5UZ.SI","Information Technology"
"327","DELONG HOLDINGS LIMITED ",5,14.1176470588235,"BQO.SI","Materials"
"328","FIRST RESOURCES LIMITED ",5,12.8205128205128,"EB5.SI","Consumer Staples"
"329","FRAGRANCE GROUP LIMITED ",5,5,"F31.SI","Real Estate"
"330","FRASER AND NEAVE, LIMITED ",5,20.9169054441261,"F99.SI","Consumer Staples"
"331","FRASERS PROPERTY LIMITED ",5,6.1111111111111,"TQ5.SI","Real Estate"
"332","GL LIMITED ",5,27.2727272727273,"B16.SI","Consumer Discretionary"
"333","GLOBAL PALM RESOURCES HLGS LTD",5,15.3846153846154,"BLW.SI","Consumer Staples"
"334","GOLDEN AGRI-RESOURCES LTD",5,6.33802816901409,"E5H.SI","Consumer Staples"
"335","GS HOLDINGS LIMITED ",5,33.3333333333333,"43A.SI","Industrials"
"336","HANWELL HOLDINGS LIMITED ",5,27.2727272727273,"DM0.SI","Consumer Staples"
"337","HEALTH MANAGEMENT INTL LTD ",5,6.06060606060605,"588.SI","Healthcare"
"338","HUTCHISON PORT HLDGS TRUST S$",5,23.8095238095238,"P7VU.SI","Industrials"
"339","IFS CAPITAL LIMITED",5,28.5714285714286,"I49.SI","Financials"
"340","IPC CORPORATION LIMITED ",5,33.3333333333333,"AZA.SI","Real Estate"
"341","IPS SECUREX HOLDINGS LIMITED",5,-10.8695652173913,"42N.SI","Information Technology"
"342","JOYAS INTERNATIONAL HLDGS LTD ",5,2.1978021978022,"E9L.SI","Consumer Discretionary"
"343","LIONGOLD CORP LTD",5,2.94117647058824,"A78.SI","Materials"
"344","MANDARIN ORIENTAL INTL LTD ",5,8.45070422535212,"M04.SI","Consumer Discretionary"
"345","MATEX INTERNATIONAL LIMITED ",5,19.0839694656489,"M15.SI","Materials"
"346","MEGACHEM LIMITED",5,11.7021276595745,"5DS.SI","Industrials"
"347","NIPPECRAFT LIMITED",5,22.2222222222222,"N32.SI","Industrials"
"348","NORDIC GROUP LIMITED ",5,74.6666666666667,"MR7.SI","Industrials"
"349","PLATO CAPITAL LIMITED ",5,4.76190476190477,"5PI.SI","Information Technology"
"350","REX INTERNATIONAL HOLDING LTD",5,1.20481927710843,"5WH.SI","Energy"
"351","RH PETROGAS LIMITED ",5,87.0967741935484,"T13.SI","Energy"
"352","RHT HEALTH TRUST",5,63.265306122449,"RF1U.SI","Healthcare"
"353","SANLI ENVIRONMENTAL LIMITED ",5,-1.33333333333333,"1E3.SI","Industrials"
"354","SHANGHAI TURBO ENTERPRISES LTD",5,4.81335952848723,"AWM.SI","Industrials"
"355","SIA ENGINEERING CO LTD ",5,79.4871794871795,"S59.SI","Industrials"
"356","SINGAPORE PRESS HLDGS LTD ",5,25.615763546798,"T39.SI","Consumer Discretionary"
"357","SINGAPORE REINSURANCE COR LTD ",5,54.5454545454545,"S49.SI","Financials"
"358","SINGAPURA FINANCE LTD ",5,16.1616161616162,"S23.SI","Financials"
"359","SOO KEE GROUP LTD.",5,2.28310502283106,"42G.SI","Consumer Discretionary"
"360","SP CORPORATION LIMITED ",5,6.97674418604651,"AWE.SI","Industrials"
"361","TLV HOLDINGS LIMITED ",5,20,"42L.SI","Consumer Discretionary"
"362","TRANSCORP HOLDINGS LIMITED",5,32.3529411764706,"T19.SI","Consumer Discretionary"
"363","TUAN SING HOLDINGS LIMITED ",5,104.545454545455,"T24.SI","Real Estate"
"364","TYE SOON LTD",5,2.32558139534884,"BFU.SI","Consumer Discretionary"
"365","UNI-ASIA GROUP LIMITED ",5,7.07964601769911,"CHJ.SI","Financials"
"366","UNUSUAL LIMITED",5,29.5081967213115,"1D1.SI","Consumer Discretionary"
"367","WING TAI HLDGS LTD",5,4.41640378548896,"W05.SI","Real Estate"
"368","ZHONGMIN BAIHUI RETAIL GRP LTD",5,20,"5SR.SI","Consumer Discretionary"
"369","A-SONIC AEROSPACE LIMITED ",6,5.50458715596329,"BTJ.SI","Industrials"
"370","ALLIANCE MINERAL ASSETSLIMITED",6,24.1379310344828,"40F.SI","Materials"
"371","ARTIVISION TECHNOLOGIES LTD.",6,8.59497645211931,"5NK.SI","Information Technology"
"372","ASIA-PACIFIC STRATEGIC INV LTD",6,61.4906832298137,"5RA.SI","Consumer Discretionary"
"373","ASIA FASHION HOLDINGS LIMITED",6,5.64102564102565,"BQI.SI","Consumer Discretionary"
"374","ASIATRAVEL.COM HOLDINGS LTD",6,60,"5AM.SI","Consumer Discretionary"
"375","BOARDROOM LIMITED",6,3.44827586206897,"B10.SI","Industrials"
"376","BROADWAY INDUSTRIAL GROUP LTD ",6,6.00000000000001,"B69.SI","Information Technology"
"377","CHINA HAIDA LTD.",6,-21.0526315789474,"C92.SI","Industrials"
"378","CHOO CHIANG HOLDINGS LTD.",6,141.666666666667,"42E.SI","Consumer Discretionary"
"379","CORTINA HOLDINGS LIMITED ",6,7.89473684210525,"C41.SI","Consumer Discretionary"
"380","DARCO WATER TECHNOLOGIES LTD",6,4.99999999999999,"BLR.SI","Industrials"
"381","ELLIPSIZ LTD ",6,675,"BIX.SI","Information Technology"
"382","ENGRO CORPORATION LIMITED ",6,9.0909090909091,"S44.SI","Materials"
"383","FOOD EMPIRE HOLDINGS LIMITED",6,8.62619808306709,"F03.SI","Consumer Staples"
"384","FORISE INTERNATIONAL LIMITED ",6,37.3493975903614,"I5H.SI","Consumer Discretionary"
"385","GUOAN INTERNATIONAL LIMITED ",6,15.5038759689922,"G11.SI","Industrials"
"386","HAFARY HOLDINGS LIMITED ",6,2.49999999999999,"5VS.SI","Industrials"
"387","HIAP HOE LIMITED",6,11.587982832618,"5JK.SI","Real Estate"
"388","HOR KEW CORPORATION LIMITED ",6,89.0710382513661,"BBP.SI","Industrials"
"389","HUAN HSIN HOLDINGS LTD ",6,15.9090909090909,"H16.SI","Information Technology"
"390","HUATIONG GLOBAL LIMITED ",6,54.9319952462696,"41B.SI","Industrials"
"391","HUPSTEEL LTD",6,28.3783783783784,"BMH.SI","Industrials"
"392","ICP LTD ",6,8.69565217391305,"5I4.SI","Industrials"
"393","IFAST CORPORATION LTD. ",6,11.1111111111111,"AIY.SI","Information Technology"
"394","INTRACO LIMITED",6,35.1351351351351,"I06.SI","Industrials"
"395","JAPAN FOODS HOLDING LTD. ",6,10.236220472441,"5OI.SI","Consumer Discretionary"
"396","KINGBOARD COPPER FOIL HDGS LTD",6,95,"K14.SI","Materials"
"397","LHT HOLDINGS LIMITED ",6,10.0355239786856,"BEI.SI","Materials"
"398","LUM CHANG HOLDINGS LIMITED",6,17.0212765957447,"L19.SI","Industrials"
"399","MIRACH ENERGY LIMITED ",6,2.60869565217392,"AWO.SI","Energy"
"400","MMP RESOURCES LIMITED ",6,18.9873417721519,"F3V.SI","Industrials"
"401","NATURAL COOL HOLDINGS LIMITED",6,30.6122448979592,"5IF.SI","Industrials"
"402","NERATELECOMMUNICATIONS LTD ",6,5.72390572390572,"N01.SI","Information Technology"
"403","OLAM INTERNATIONAL LIMITED ",6,16.2162162162162,"O32.SI","Consumer Staples"
"404","PERENNIAL REAL ESTATE HLDGSLTD",6,12.9770992366412,"40S.SI","Real Estate"
"405","PHARMESIS INTERNATIONAL LTD.",6,16.5644171779141,"BFK.SI","Healthcare"
"406","POLLUX PROPERTIES LTD. ",6,37.2881355932204,"5AE.SI","Real Estate"
"407","POWERMATIC DATA SYSTEMS LTD ",6,4.66102118644067,"BCY.SI","Information Technology"
"408","PSL HOLDINGS LTD",6,50,"BLL.SI","Industrials"
"409","RAFFLES UNITED HOLDINGS LTD.",6,51.685393258427,"K22.SI","Industrials"
"410","SBI OFFSHORE LIMITED ",6,21.9512195121951,"5PL.SI","Industrials"
"411","SEMBCORP MARINE LTD ",6,2.40963855421687,"S51.SI","Industrials"
"412","SEN YUE HOLDINGS LIMITED ",6,4.41988950276243,"5BS.SI","Industrials"
"413","SHENG SIONG GROUP LTD ",6,29.6296296296296,"OV8.SI","Consumer Staples"
"414","SIN HENG HEAVY MACHINERY LTD",6,23.5955056179775,"BKA.SI","Industrials"
"415","SINCAP GROUP LIMITED ",6,8.77862595419847,"5UN.SI","Industrials"
"416","SINGHAIYI GROUP LTD. ",6,13.9240506329114,"5H0.SI","Real Estate"
"417","SINGTEL ",6,15,"Z74.SI","Telecommunications"
"418","SUNPOWER GROUP LTD. ",6,16.9962335216573,"5GD.SI","Industrials"
"419","SUNTAR ECO-CITY LIMITED ",6,200,"BKZ.SI","Healthcare"
"420","SUNVIC CHEMICAL HOLDINGS LTD",6,5.72207084468665,"A7S.SI","Materials"
"421","TOP GLOVE CORPORATION BHD",6,9.56521739130434,"BVA.SI","Healthcare"
"422","TUNG LOK RESTAURANTS 2000 LTD ",6,50.9090909090909,"540.SI","Consumer Discretionary"
"423","WORLD PRECISION MACHINERY LTD",6,107.894736842105,"B49.SI","Industrials"
"424","YING LI INTL REAL ESTATE LTD ",6,10.2083375,"5DM.SI","Real Estate"
"425","YOMA STRATEGIC HOLDINGS LTD",6,26.6086956521739,"Z59.SI","Real Estate"
"426","ZHONGXIN FRUIT AND JUICE LTD ",6,0,"5EG.SI","Consumer Staples"
"427","3CNERGY LIMITED",7,-5.26315789473685,"502.SI","Real Estate"
"428","ACCORDIA GOLF TRUST ",7,2.4390243902439,"ADQU.SI","Consumer Discretionary"
"429","ASCENDAS INDIA TRUST ",7,-1.1764705882353,"CY6U.SI","Real Estate"
"430","BUKIT SEMBAWANG ESTATES LTD ",7,-27.2727272727273,"B61.SI","Real Estate"
"431","C&G ENV PROTECT HLDGS LTD ",7,4.58715596330274,"D79.SI","Utilities"
"432","CDW HOLDING LIMITED ",7,0.309597523219821,"BXE.SI","Information Technology"
"433","CHEW'S GROUP LIMITED ",7,-5.88235294117648,"5SY.SI","Consumer Staples"
"434","CHINA EVERBRIGHT WATER LIMITED",7,-1.17647058823529,"U9E.SI","Utilities"
"435","CHINA INTERNATIONAL HLDGS LTD ",7,-10.5263157894737,"BEH.SI","Utilities"
"436","CHINA STAR FOOD GROUP LIMITED",7,-33.3333333333333,"42W.SI","Consumer Staples"
"437","CHINA SUNSINE CHEM HLDGS LTD. ",7,-0.714285714285715,"CH8.SI","Materials"
"438","CORDLIFE GROUP LIMITED ",7,-8.91089108910892,"P8A.SI","Healthcare"
"439","COURTS ASIA LIMITED",7,-2.35294117647059,"RE2.SI","Consumer Discretionary"
"440","DBS GROUP HOLDINGS LTD",7,-6.25000000000001,"D05.SI","Financials"
"441","ECOWISE HOLDINGS LIMITED ",7,-6.66666666666666,"5CT.SI","Industrials"
"442","FRENCKEN GROUP LIMITED ",7,-2.43902439024389,"E28.SI","Industrials"
"443","GENTING SINGAPORE PLC ",7,-6.38297872340425,"G13.SI","Consumer Discretionary"
"444","GOLDEN ENERGY AND RESOURCESLTD",7,-50,"AUE.SI","Energy"
"445","GREAT EASTERN HLDGS LTD ",7,0,"G07.SI","Financials"
"446","HAW PAR CORP LTD",7,-23.8461538461538,"H02.SI","Healthcare"
"447","HEALTHWAY MEDICAL CORP LTD ",7,-33.3333333333333,"5NG.SI","Healthcare"
"448","INDOFOOD AGRI RESOURCES LTD.",7,-5.26315789473685,"5JS.SI","Consumer Staples"
"449","JB FOODS LIMITED",7,-16.6666666666667,"BEW.SI","Consumer Staples"
"450","KOP LIMITED ",7,-8.47457627118643,"5I1.SI","Consumer Discretionary"
"451","LEADER ENVIRONMENTAL TECH LTD ",7,-4.83870967741936,"LS9.SI","Industrials"
"452","MENCAST HOLDINGS LTD. ",7,-1.91082802547771,"5NF.SI","Energy"
"453","MEWAH INTERNATIONAL INC.",7,-2,"MV4.SI","Consumer Staples"
"454","MOYA HOLDINGS ASIA LIMITED ",7,-2.15827338129495,"5WE.SI","Industrials"
"455","MS HOLDINGS LIMITED ",7,1.26582278481013,"40U.SI","Industrials"
"456","NET PACIFIC FIN HLDGS LTD ",7,-7.01754385964911,"5QY.SI","Financials"
"457","NETLINK NBN TRUST",7,-14.5299145299145,"CJLU.SI","Telecommunications"
"458","OUE LIMITED ",7,0,"LJ3.SI","Consumer Discretionary"
"459","OVERSEA-CHINESE BANKING CORP",7,-3.06122448979592,"O39.SI","Financials"
"460","PARKSON RETAIL ASIA LIMITED ",7,-1.21951219512194,"O9E.SI","Consumer Discretionary"
"461","PROGEN HOLDINGS LTD ",7,-6.66666666666665,"583.SI","Industrials"
"462","RAFFLES EDUCATION CORP LTD ",7,4.28571428571429,"NR7.SI","Consumer Discretionary"
"463","RAFFLES MEDICAL GROUP LTD ",7,-7.01754385964913,"BSL.SI","Healthcare"
"464","SINGAPORE KITCHEN EQUIPMENTLTD",7,-0.37735849056603,"5WG.SI","Industrials"
"465","SINJIA LAND LIMITED",7,-7.6923076923077,"5HH.SI","Materials"
"466","SPACKMAN ENTERTAINMENT GRP LTD ",7,1.21951219512195,"40E.SI","Consumer Discretionary"
"467","SUNMOON FOOD COMPANY LIMITED",7,-27.2727272727273,"AAJ.SI","Consumer Staples"
"468","TEHO INTERNATIONAL INC LTD. ",7,6.39730639730639,"5OQ.SI","Industrials"
"469","THE HOUR GLASS LIMITED ",7,-7.86516853932583,"AGS.SI","Consumer Discretionary"
"470","THE PLACE HOLDINGS LIMITED ",7,-9.375,"E27.SI","Information Technology"
"471","UNITED INDUSTRIAL CORP LTD ",7,0,"U06.SI","Real Estate"
"472","VIKING OFFSHORE AND MARINE LTD",7,3.00751879699248,"557.SI","Energy"
"473","WORLD CLASS GLOBAL LIMITED",7,1.92307692307692,"1E6.SI","Real Estate"
"474","ANCHOR RESOURCES LIMITED ",8,4.16666666666667,"43E.SI","Materials"
"475","BENG KUANG MARINE LIMITED ",8,11.4942528735632,"BEZ.SI","Industrials"
"476","BLACKGOLD NATURAL RESOURCESLTD",8,-0.854700854700855,"41H.SI","Energy"
"477","BLUMONT GROUP LTD. ",8,0,"A33.SI","Industrials"
"478","BREADTALK GROUP LIMITED ",8,-7.14285714285715,"5DA.SI","Consumer Staples"
"479","CAPITALAND LIMITED",8,-1.19521912350597,"C31.SI","Real Estate"
"480","CH OFFSHORE LTD",8,-11.1111111111111,"C13.SI","Energy"
"481","CHASWOOD RESOURCES HLDGS LTD. ",8,-6.00000000000001,"5TW.SI","Consumer Discretionary"
"482","CHINA ENVIRONMENTAL RES GP LTD ",8,3.38983050847458,"RS1.SI","Materials"
"483","CHINA KANGDA FOOD COMPANY LTD",8,-5.55555555555556,"P74.SI","Consumer Staples"
"484","CHINA MINING INTERNATIONAL LTD",8,-3.94736842105263,"BHD.SI","Materials"
"485","CIVMEC LIMITED",8,-28.9347174806661,"P9D.SI","Industrials"
"486","CNMC GOLDMINE HOLDINGS LIMITED",8,-1.92307692307692,"5TP.SI","Materials"
"487","COLEX HOLDINGS LIMITED ",8,-9.09090909090908,"567.SI","Industrials"
"488","CSC HOLDINGS LTD",8,-3.44827586206897,"C06.SI","Industrials"
"489","DASIN RETAIL TRUST",8,-0.952380952380953,"CEDU.SI","Real Estate"
"490","DRAGON GROUP INTL LIMITED ",8,6.71641791044775,"MT1.SI","Information Technology"
"491","DUKANG DISTILLERS HLDGS LTD ",8,2.12765957446809,"BKV.SI","Consumer Staples"
"492","DUTECH HOLDINGS LIMITED ",8,0,"CZ4.SI","Industrials"
"493","ENVICTUS INTERNATIONAL HLDGLTD ",8,18.1818181818182,"BQD.SI","Consumer Staples"
"494","FAR EAST ORCHARD LIMITED ",8,0.323624595469263,"O10.SI","Real Estate"
"495","FIGTREE HOLDINGS LIMITED ",8,0,"5F4.SI","Industrials"
"496","FIRST SHIP LEASE TRUST ",8,-2.4390243902439,"D8DU.SI","Financials"
"497","FUXING CHINA GROUP LIMITED ",8,-6.34920634920635,"AWK.SI","Consumer Discretionary"
"498","GLOBAL INVESTMENTS LIMITED ",8,-9.01639344262295,"B73.SI","Financials"
"499","GLOBAL YELLOW PAGES LIMITED",8,0.621118012422361,"AWS.SI","Consumer Discretionary"
"500","GRAND BANKS YACHTS LIMITED",8,7.69230769230768,"G50.SI","Industrials"
"501","GREEN BUILD TECHNOLOGY LIMITED ",8,6.43274853801168,"Y06.SI","Industrials"
"502","GSH CORPORATION LIMITED ",8,-4.34782608695653,"BDX.SI","Information Technology"
"503","HC SURGICAL SPECIALISTSLIMITED",8,0,"1B1.SI","Healthcare"
"504","HONG LEONG FINANCE LIMITED",8,-2.17391304347826,"S41.SI","Financials"
"505","IMPERIUM CROWN LIMITED ",8,-2.95857988165681,"5HT.SI","Real Estate"
"506","INNOPAC HOLDINGS LIMITED ",8,8.69565217391304,"I26.SI","Financials"
"507","INNOTEK LIMITED",8,1.92307692307692,"M14.SI","Industrials"
"508","ISR CAPITAL LIMITED",8,-20.5882352941177,"5EC.SI","Financials"
"509","JAPFA LTD. ",8,-30.4831421619743,"UD2.SI","Consumer Staples"
"510","JUBILEE INDUSTRIES HLDGS LTD. ",8,-20,"5OS.SI","Industrials"
"511","KATRINA GROUP LTD.",8,-0.869565217391305,"1A0.SI","Consumer Discretionary"
"512","KEPPEL CORPORATION LIMITED ",8,-4,"BN4.SI","Industrials"
"513","KIMHENG OFFSHORE&MARINE HLDLTD ",8,3.33333333333334,"5G2.SI","Energy"
"514","LEE METAL GROUP LTD ",8,-1.45631067961166,"593.SI","Materials"
"515","LUNG KEE BERMUDA",8,7.86516853932584,"L09.SI","Industrials"
"516","LUZHOU BIO-CHEM TECHNOLOGY LTD",8,0,"L46.SI","Consumer Staples"
"517","MARCO POLO MARINE LTD. ",8,-7.14285714285714,"5LY.SI","Industrials"
"518","MEMTECH INTERNATIONAL LTD",8,-1.0752688172043,"BOL.SI","Information Technology"
"519","METAL COMPONENT ENGG LTD ",8,-9.33333333333333,"5DX.SI","Industrials"
"520","MIYOSHI LIMITED",8,-17.8082191780822,"M03.SI","Industrials"
"521","MONEYMAX FINANCIAL SERVICESLTD ",8,-13.8888888888889,"5WJ.SI","Consumer Discretionary"
"522","NGSC LIMITED ",8,1.33779264214045,"B07.SI","Telecommunications"
"523","NTEGRATOR INTERNATIONAL LTD",8,-4.10958904109589,"5HC.SI","Information Technology"
"524","OXLEY HOLDINGS LIMITED ",8,-6.18556701030928,"5UX.SI","Real Estate"
"525","P5 CAPITAL HOLDINGS LTD.",8,-4.51612903225807,"5AI.SI","Industrials"
"526","PAVILLON HOLDINGS LTD. ",8,-11.1111111111111,"596.SI","Consumer Discretionary"
"527","PINE CAPITAL GROUP LIMITED ",8,7.31707317073171,"ADJ.SI","Consumer Discretionary"
"528","ROWSLEY LTD.",8,-6.25000000000001,"A50.SI","Financials"
"529","RYOBI KISO HOLDINGS LTD.",8,-9.80392156862746,"BDN.SI","Industrials"
"530","SAKAE HOLDINGS LTD. ",8,7.14285714285714,"5DO.SI","Consumer Discretionary"
"531","SERIAL SYSTEM LTD",8,6.25000000000001,"S69.SI","Information Technology"
"532","SEROJA INVESTMENTS LIMITED ",8,-4.80769230769231,"IW5.SI","Industrials"
"533","SHANGRI-LA ASIA LIMITED ",8,0,"S07.SI","Consumer Discretionary"
"534","SINGAPORE EDEVELOPMENT LTD",8,-1.32450331125828,"40V.SI","Industrials"
"535","SINGAPORE O&G LTD.",8,0,"1D8.SI","Healthcare"
"536","SINO GRANDNESS FOOD IND GP LTD",8,0,"T4B.SI","Consumer Staples"
"537","SINOSTAR PEC HOLDINGS LIMITED",8,2.38095238095237,"C9Q.SI","Energy"
"538","SMARTFLEX HOLDINGS LTD",8,1.5625,"5RE.SI","Information Technology"
"539","STARLAND HOLDINGS LIMITED ",8,-3.63636363636364,"5UA.SI","Real Estate"
"540","SUNNINGDALE TECH LTD ",8,-5.17241379310343,"BHQ.SI","Industrials"
"541","SUNRIGHT LTD",8,1.36986301369863,"S71.SI","Information Technology"
"542","TA CORPORATION LTD",8,0,"PA3.SI","Industrials"
"543","TALKMED GROUP LIMITED ",8,4.95049504950495,"5G3.SI","Healthcare"
"544","TEE LAND LIMITED",8,-3.84615384615385,"S9B.SI","Real Estate"
"545","THAKRAL CORPORATION LTD",8,3.84615384615385,"AWI.SI","Consumer Discretionary"
"546","TIONG WOON CORP HOLDING LTD",8,5.88235294117648,"BQM.SI","Industrials"
"547","TOP GLOBAL LIMITED",8,-9.54545454545454,"BHO.SI","Real Estate"
"548","TTJ HOLDINGS LIMITED ",8,-1.33333333333333,"K1Q.SI","Industrials"
"549","UNION GAS HOLDINGS LIMITED ",8,-3.51351351351352,"1F2.SI","Utilities"
"550","UNITED GLOBAL LIMITED ",8,-11.764705882353,"43P.SI","Materials"
"551","UPP HOLDINGS LIMITED ",8,0,"U09.SI","Materials"
"552","VENTURE CORPORATION LIMITED ",8,4.16666666666667,"V03.SI","Information Technology"
"553","VICPLAS INTERNATIONAL LTD",8,-2.77777777777778,"569.SI","Healthcare"
"554","WEE HUR HOLDINGS LTD. ",8,0.653594771241831,"E3B.SI","Industrials"
"555","XMH HOLDINGS LTD.",8,-0.52910052910053,"BQF.SI","Industrials"
"556","YONGMAO HOLDINGS LIMITED ",8,0,"BKX.SI","Industrials"
"557","ACCRELIST LTD.",9,-3.44827586206895,"5RJ.SI","Information Technology"
"558","ACESIAN PARTNERS LIMITED ",9,28.6666666666667,"5FW.SI","Industrials"
"559","ACMA LTD. ",9,0,"AYV.SI","Industrials"
"560","ASIAN MICRO HOLDINGS LTD",9,-11.864406779661,"585.SI","Industrials"
"561","ASPIAL CORPORATION LIMITED ",9,0,"A30.SI","Real Estate"
"562","ATLANTIC NAVIGATION HLDG",9,-18.75,"5UL.SI","Energy"
"563","AVIC INTL MARITIME HLDGLIMITED ",9,0,"O2I.SI","Industrials"
"564","CFM HOLDINGS LIMITED ",9,1.81818181818182,"5EB.SI","Industrials"
"565","CHINA AVIATION OIL",9,-6.66666666666666,"G92.SI","Energy"
"566","CHINA GAOXIAN FIBREFAB HLDGLTD",9,16.3265306122449,"AZZ.SI","Consumer Discretionary"
"567","CHINA JISHAN HOLDINGS LIMITED",9,0,"J18.SI","Consumer Discretionary"
"568","CHINA YUANBANG PROP HLDGS LTD",9,5.26315789473685,"BCD.SI","Real Estate"
"569","CITYNEON HOLDINGS LIMITED ",9,-4.10958904109589,"5HJ.SI","Industrials"
"570","COMBINE WILL INTL HLDGS LTD ",9,-68.75,"N0Z.SI","Consumer Discretionary"
"571","COSCO SHIPPING INTL",9,-66.6666666666667,"CSB.SG","Industrials"
"572","COURAGE INVESTMENT GRP LIMITED ",9,0,"CIN.SI","Industrials"
"573","EDITION LTD. ",9,-3.33333333333334,"5HG.SI","Consumer Staples"
"574","FEDERAL INT (2000)",9,1.6260162601626,"BDU.SI","Industrials"
"575","G. K. GOH HOLDINGS LIMITED ",9,-10.7936507936508,"G41.SI","Industrials"
"576","GLOBAL INVACOM GROUP LIMITED",9,16.6666666666667,"QS9.SI","Information Technology"
"577","GOODLAND GROUP LIMITED ",9,2.22222222222222,"5PC.SI","Real Estate"
"578","HEATEC JIETONG HOLDINGS LTD.",9,16.6666666666667,"5OR.SI","Energy"
"579","HI-P INTERNATIONAL LIMITED ",9,-50,"H17.SI","Information Technology"
"580","HOSEN GROUP LTD",9,5.12820512820512,"5EV.SI","Consumer Staples"
"581","HOTEL GRAND CENTRAL LTD ",9,23.0366492146597,"H18.SI","Consumer Discretionary"
"582","HOTEL PROPERTIES LTD ",9,0,"H15.SI","Consumer Discretionary"
"583","HRNETGROUP LIMITED ",9,-8,"CHZ.SI","Industrials"
"584","HU AN CABLE HOLDINGS LTD.",9,1.53846153846154,"KI3.SI","Industrials"
"585","HUTCHISON PORT HOLDINGS TRUST",9,-2.12765957446808,"NS8U.SI","Industrials"
"586","INTERNATIONAL PRESS SOFTCOM",9,-8.69565217391304,"571.SI","Information Technology"
"587","IX BIOPHARMA LTD.",9,-2.85714285714284,"42C.SI","Healthcare"
"588","JARDINE STRATEGIC HLDGS LTD ",9,-2.0979020979021,"J37.SI","Industrials"
"589","KS ENERGY LIMITED",9,0,"578.SI","Industrials"
"590","KTL GLOBAL LIMITED",9,-10.7142857142857,"EB7.SI","Industrials"
"591","LOW KENG HUAT",9,-6.94444444444443,"F1E.SI","Industrials"
"592","MAGNUS ENERGY GROUP LTD. ",9,-6.59340659340658,"41S.SI","Energy"
"593","MM2 ASIA LTD.",9,-12.5,"1B0.SI","Consumer Discretionary"
"594","OCEANUS GROUP LIMITED ",9,-2.12765957446809,"579.SI","Consumer Staples"
"595","OVERSEAS EDUCATION LIMITED",9,7.14285714285714,"RQ1.SI","Consumer Discretionary"
"596","PACIFIC RADIANCE LTD. ",9,9.23076923076922,"T8V.SI","Energy"
"597","PNE INDUSTRIES LTD",9,6.45161290322581,"BDA.SI","Information Technology"
"598","SARINE TECHNOLOGIES LTD",9,2.49495463709677,"U77.SI","Industrials"
"599","SECOND CHANCE PROPERTIES LTD",9,0.64935064935065,"528.SI","Consumer Discretionary"
"600","SIN GHEE HUAT CORPORATION LTD.",9,-10,"B7K.SI","Industrials"
"601","SINGAPORE AIRLINES LTD ",9,6.66666666666667,"C6L.SI","Industrials"
"602","SOILBUILD CONSTRUCTION GRP LTD ",9,1.21212121212121,"S7P.SI","Industrials"
"603","STAMFORD TYRES CORPORATIONLTD",9,0,"S29.SI","Consumer Discretionary"
"604","TAT HONG HOLDINGS LTD ",9,7.14285714285713,"T03.SI","Industrials"
"605","TIONG SENG HOLDINGS LIMITED",9,13.3333333333333,"BFI.SI","Industrials"
"606","TMC EDUCATION CORPORATION LTD",9,0,"586.SI","Consumer Discretionary"
"607","UMS HOLDINGS LIMITED ",9,0,"558.SI","Information Technology"
"608","UNITED OVERSEAS INSURANCE LTD",9,-1.42857142857143,"U13.SI","Financials"
"609","WEIYE HOLDINGS LIMITED ",9,-0.478468899521521,"BMA.SI","Real Estate"
"610","YHI INTERNATIONAL LIMITED ",9,0,"BPF.SI","Consumer Discretionary"
