,Name1,Percent_Change1,Symbol1,Industry1,Name2,Percent_Change2,Symbol2,Industry2,Name3,Percent_Change3,Symbol3,Industry3,Name4,Percent_Change4,Symbol4,Industry4,Name5,Percent_Change5,Symbol5,Industry5,Name6,Percent_Change6,Symbol6,Industry6,Name7,Percent_Change7,Symbol7,Industry7,Name8,Percent_Change8,Symbol8,Industry8,Name9,Percent_Change9,Symbol9,Industry9
1,AMARA HOLDINGS LTD ,6.060606061,A34.SI,Consumer Discretionary,ABUNDANCE INTERNATIONAL LTD,-3.157894737,541.SI,Industrials,AA GROUP HOLDINGS LTD. ,-33.33333333,5GZ.SI,Information Technology,A-SMART HOLDINGS LTD. ,0,BQC.SI,Industrials,800 SUPER HOLDINGS LIMITED ,37.5,5TG.SI,Industrials,A-SONIC AEROSPACE LIMITED ,5.504587156,BTJ.SI,Industrials,3CNERGY LIMITED,-5.263157895,502.SI,Real Estate,ANCHOR RESOURCES LIMITED ,4.166666667,43E.SI,Materials,ACCRELIST LTD.,-3.448275862,5RJ.SI,Information Technology
2,ANNAIK LIMITED,52.63157895,A52.SI,Materials,AF GLOBAL LIMITED,-30.73170732,L38.SI,Consumer Discretionary,ABR HOLDINGS LIMITED ,-13.02325581,533.SI,Consumer Discretionary,ABTERRA LTD ,-10.29411765,L5I.SI,Industrials,ACROMEC LIMITED,3.296703297,43F.SI,Industrials,ALLIANCE MINERAL ASSETSLIMITED,24.13793103,40F.SI,Materials,ACCORDIA GOLF TRUST ,2.43902439,ADQU.SI,Consumer Discretionary,BENG KUANG MARINE LIMITED ,11.49425287,BEZ.SI,Industrials,ACESIAN PARTNERS LIMITED ,28.66666667,5FW.SI,Industrials
3,ASIAMEDIC LIMITED,28.66066378,505.SI,Healthcare,AIMS PROPERTY SECURITIES FUND,-13.33333333,BVP.SI,Real Estate,ADVANCED HOLDINGS LTD. ,-13.84615385,BLZ.SI,Energy,ACE ACHIEVE INFOCOM LIMITED,8.302808303,A75.SI,Telecommunications,ADVANCED SYSTEMS AUTOMATION ,1.57480315,5TY.SI,Information Technology,ARTIVISION TECHNOLOGIES LTD.,8.594976452,5NK.SI,Information Technology,ASCENDAS INDIA TRUST ,-1.176470588,CY6U.SI,Real Estate,BLACKGOLD NATURAL RESOURCESLTD,-0.854700855,41H.SI,Energy,ACMA LTD. ,0,AYV.SI,Industrials
4,ASTI HOLDINGS LIMITED ,3.896103896,575.SI,Information Technology,ALPHA ENERGY HOLDINGS LIMITED,-28.57142857,5TS.SI,Energy,ADVANCER GLOBAL LIMITED ,-6.164383562,43Q.SI,Industrials,ALIBABA PICTURES GROUP LIMITED,7.142857143,S91.SI,Consumer Discretionary,AGV GROUP LIMITED,15.90909091,1A4.SI,Materials,ASIA-PACIFIC STRATEGIC INV LTD,61.49068323,5RA.SI,Consumer Discretionary,BUKIT SEMBAWANG ESTATES LTD ,-27.27272727,B61.SI,Real Estate,BLUMONT GROUP LTD. ,0,A33.SI,Industrials,ASIAN MICRO HOLDINGS LTD,-11.86440678,585.SI,Industrials
5,AVI-TECH ELECTRONICS LIMITED ,10.25641026,BKY.SI,Information Technology,ANAN INTERNATIONAL LIMITED ,-62.5,Y35.SI,Energy,ADVENTUS HOLDINGS LIMITED ,-4.972375691,5EF.SI,Information Technology,ALLIED TECHNOLOGIES LIMITED ,3.937007874,A13.SI,Industrials,AOXIN Q & M DENTAL GRP LIMITED ,17.00680272,1D4.SI,Healthcare,ASIA FASHION HOLDINGS LIMITED,5.641025641,BQI.SI,Consumer Discretionary,C&G ENV PROTECT HLDGS LTD ,4.587155963,D79.SI,Utilities,BREADTALK GROUP LIMITED ,-7.142857143,5DA.SI,Consumer Staples,ASPIAL CORPORATION LIMITED ,0,A30.SI,Real Estate
6,BM MOBILITY LTD.,7.692307692,I9T.SI,Materials,ASIA ENTERPRISES HOLDING LTD ,-8.762886598,A55.SI,Industrials,AEI CORPORATION LTD ,-20.3125,AWG.SI,Industrials,ANCHUN INTERNATIONAL HLDGS LTD ,-2.030456853,BTX.SI,Materials,ASIAPHOS LIMITED,16.94915254,5WV.SI,Materials,ASIATRAVEL.COM HOLDINGS LTD,60,5AM.SI,Consumer Discretionary,CDW HOLDING LIMITED ,0.309597523,BXE.SI,Information Technology,CAPITALAND LIMITED,-1.195219124,C31.SI,Real Estate,ATLANTIC NAVIGATION HLDG,-18.75,5UL.SI,Energy
7,BONVESTS HOLDINGS LTD ,9.85915493,B28.SI,Industrials,ASIAN PAY TELEVISION TRUST,-6.578947368,S7OU.SI,Consumer Discretionary,AEM HOLDINGS LTD,-11.11111111,AWX.SI,Information Technology,ASIATIC GROUP ,17.5,5CR.SI,Industrials,AUSNET SERVICES LTD ,13.34440827,AZI.SI,Utilities,BOARDROOM LIMITED,3.448275862,B10.SI,Industrials,CHEW'S GROUP LIMITED ,-5.882352941,5SY.SI,Consumer Staples,CH OFFSHORE LTD,-11.11111111,C13.SI,Energy,AVIC INTL MARITIME HLDGLIMITED ,0,O2I.SI,Industrials
8,BOUSTEAD PROJECTS LIMITED ,52,AVM.SI,Industrials,BBR HOLDINGS ,-0.970873786,KJ5.SI,Industrials,AMPLEFIELD LIMITED,-5.357142857,AOF.SI,Real Estate,ASL MARINE HOLDINGS LTD,3.349282297,A04.SI,Industrials,AZEUS SYSTEMS HOLDINGS LTD.,10.54852321,BBW.SI,Information Technology,BROADWAY INDUSTRIAL GROUP LTD ,6,B69.SI,Information Technology,CHINA EVERBRIGHT WATER LIMITED,-1.176470588,U9E.SI,Utilities,CHASWOOD RESOURCES HLDGS LTD. ,-6,5TW.SI,Consumer Discretionary,CFM HOLDINGS LIMITED ,1.818181818,5EB.SI,Industrials
9,CAPITAL WORLD LIMITED. ,4.081632653,1D5.SI,Materials,BEST WORLD INTERNATIONAL LTD,-16.66666667,CGN.SI,Consumer Staples,ANNICA HOLDINGS LIMITED ,-8.823529412,5AL.SI,Energy,ASPEN GROUP,-9.090909091,1F3.SI,Real Estate,BAN LEONG TECHNOLOGIES LIMITED ,12.87878788,B26.SI,Information Technology,CHINA HAIDA LTD.,-21.05263158,C92.SI,Industrials,CHINA INTERNATIONAL HLDGS LTD ,-10.52631579,BEH.SI,Utilities,CHINA ENVIRONMENTAL RES GP LTD ,3.389830508,RS1.SI,Materials,CHINA AVIATION OIL,-6.666666667,G92.SI,Energy
10,CHARISMA ENERGY SERVICES LTD ,29.84496124,5QT.SI,Industrials,BROOK CROMPTON HOLDINGS LTD.,-18.43575419,AWC.SI,Industrials,AP OIL INTERNATIONAL LIMITED ,0.529100529,5AU.SI,Materials,BANYAN TREE HOLDINGS LIMITED,-21.21403731,B58.SI,Consumer Discretionary,BH GLOBAL CORPORATION LIMITED ,12.8,BQN.SI,Industrials,CHOO CHIANG HOLDINGS LTD.,141.6666667,42E.SI,Consumer Discretionary,CHINA STAR FOOD GROUP LIMITED,-33.33333333,42W.SI,Consumer Staples,CHINA KANGDA FOOD COMPANY LTD,-5.555555556,P74.SI,Consumer Staples,CHINA GAOXIAN FIBREFAB HLDGLTD,16.32653061,AZZ.SI,Consumer Discretionary
11,CHEUNG WOH TECHNOLOGIES LTD,10.71428571,C50.SI,Industrials,CHALLENGER TECHNOLOGIES LTD,-11.47540984,573.SI,Consumer Discretionary,ARION ENTERTAINMENT SING LTD ,-6.060606061,5VU.SI,Consumer Discretionary,CASA HOLDINGS LIMITED ,1.234567901,C04.SI,Consumer Discretionary,BRC ASIA LIMITED,163.1578947,BEC.SI,Industrials,CORTINA HOLDINGS LIMITED ,7.894736842,C41.SI,Consumer Discretionary,CHINA SUNSINE CHEM HLDGS LTD. ,-0.714285714,CH8.SI,Materials,CHINA MINING INTERNATIONAL LTD,-3.947368421,BHD.SI,Materials,CHINA JISHAN HOLDINGS LIMITED,0,J18.SI,Consumer Discretionary
12,CHINA KUNDA TECH HOLDINGS LTD,10,GU5.SI,Industrials,CHASEN HOLDINGS LIMITED ,-4.918032787,5NV.SI,Industrials,AUSGROUP LIMITED,-16.12903226,5GJ.SI,Industrials,COMPACT METAL INDUSTRIES LTD,-10,T4E.SI,Industrials,BUND CENTER INVESTMENT LTD,22.05270458,BTE.SI,Real Estate,DARCO WATER TECHNOLOGIES LTD,5,BLR.SI,Industrials,CORDLIFE GROUP LIMITED ,-8.910891089,P8A.SI,Healthcare,CIVMEC LIMITED,-28.93471748,P9D.SI,Industrials,CHINA YUANBANG PROP HLDGS LTD,5.263157895,BCD.SI,Real Estate
13,COMFORTDELGRO CORPORATION LTD,1.818181818,C52.SI,Industrials,CHINA MEDICAL ,-6.363636364,5IB.SI,Industrials,BAKER TECHNOLOGY LIMITED ,-9.302325581,BTP.SI,Energy,CSE GLOBAL LTD,4.680851064,544.SI,Information Technology,CAPTII LIMITED,14.28571429,AWV.SI,Information Technology,ELLIPSIZ LTD ,675,BIX.SI,Information Technology,COURTS ASIA LIMITED,-2.352941176,RE2.SI,Consumer Discretionary,CNMC GOLDMINE HOLDINGS LIMITED,-1.923076923,5TP.SI,Materials,CITYNEON HOLDINGS LIMITED ,-4.109589041,5HJ.SI,Industrials
14,CREATIVE TECHNOLOGY LTD,6.613756614,C76.SI,Information Technology,CHINA TAISAN TECH GRP HLDGSLTD,-13.04347826,AZW.SI,Consumer Discretionary,BOLDTEK HOLDINGS LIMITED ,-8.256880734,5VI.SI,Industrials,DELFI LIMITED,11.11111111,P34.SI,Consumer Staples,CEI LIMITED ,35.71428571,AVV.SI,Information Technology,ENGRO CORPORATION LIMITED ,9.090909091,S44.SI,Materials,DBS GROUP HOLDINGS LTD,-6.25,D05.SI,Financials,COLEX HOLDINGS LIMITED ,-9.090909091,567.SI,Industrials,COMBINE WILL INTL HLDGS LTD ,-68.75,N0Z.SI,Consumer Discretionary
15,DAIRY FARM INT'L HOLDINGS LTD,13.79310345,D01.SI,Consumer Staples,CHINESE GLOBAL INVESTORS GRP,-3.225806452,5CJ.SI,Industrials,BOUSTEAD SINGAPORE LIMITED,-7.142857143,F9D.SI,Energy,EPICENTRE HOLDINGS LIMITED ,26.66666667,5MQ.SI,Consumer Discretionary,CITIC ENVIROTECH LTD. ,4.419889503,CEE.SI,Industrials,FOOD EMPIRE HOLDINGS LIMITED,8.626198083,F03.SI,Consumer Staples,ECOWISE HOLDINGS LIMITED ,-6.666666667,5CT.SI,Industrials,CSC HOLDINGS LTD,-3.448275862,C06.SI,Industrials,COSCO SHIPPING INTL,-66.66666667,CSB.SG,Industrials
16,DISA LIMITED ,33.09608541,532.SI,Information Technology,CHIP ENG SENG CORPORATION LTD,-14,C29.SI,Industrials,CAMSING HEALTHCARE LIMITED,-4.651162791,BAC.SI,Consumer Discretionary,EXCELPOINT TECHNOLOGY LTD,13.51351351,BDF.SI,Information Technology,DEBAO PROPERTY DEVELOPMENT LTD,4.47761194,BTF.SI,Real Estate,FORISE INTERNATIONAL LIMITED ,37.34939759,I5H.SI,Consumer Discretionary,FRENCKEN GROUP LIMITED ,-2.43902439,E28.SI,Industrials,DASIN RETAIL TRUST,-0.952380952,CEDU.SI,Real Estate,COURAGE INVESTMENT GRP LIMITED ,0,CIN.SI,Industrials
17,FALCON ENERGY GROUP LIMITED,0,5FL.SI,Energy,CHUAN HUP HOLDINGS LIMITED,-6.967213115,C33.SI,Information Technology,CENTURION CORPORATION LIMITED ,-5.376344086,OU8.SI,Consumer Discretionary,F J BENJAMIN HOLDINGS LTD,3.225806452,F10.SI,Consumer Discretionary,DECLOUT LIMITED,137.5,5UZ.SI,Information Technology,GUOAN INTERNATIONAL LIMITED ,15.50387597,G11.SI,Industrials,GENTING SINGAPORE PLC ,-6.382978723,G13.SI,Consumer Discretionary,DRAGON GROUP INTL LIMITED ,6.71641791,MT1.SI,Information Technology,EDITION LTD. ,-3.333333333,5HG.SI,Consumer Staples
18,GAYLIN HOLDINGS LIMITED ,60,RF7.SI,Energy,CITY DEVELOPMENTS LIMITED ,-3.319502075,C09.SI,Real Estate,CHEMICAL INDUSTRIES FAR EAST,-19.04761905,C05.SI,Materials,FABCHEM CHINA LIMITED ,-3.968253968,BFT.SI,Materials,DELONG HOLDINGS LIMITED ,14.11764706,BQO.SI,Materials,HAFARY HOLDINGS LIMITED ,2.5,5VS.SI,Industrials,GOLDEN ENERGY AND RESOURCESLTD,-50,AUE.SI,Energy,DUKANG DISTILLERS HLDGS LTD ,2.127659574,BKV.SI,Consumer Staples,FEDERAL INT (2000),1.62601626,BDU.SI,Industrials
19,GRP LTD ,0,BLU.SI,Information Technology,CWG INTERNATIONAL LTD. ,-12,ACW.SI,Real Estate,CHINA GREAT LAND HOLDINGS LTD.,-11.66666667,D50.SI,Industrials,GEO ENERGY RESOURCES LIMITED,0,RE4.SI,Energy,FIRST RESOURCES LIMITED ,12.82051282,EB5.SI,Consumer Staples,HIAP HOE LIMITED,11.58798283,5JK.SI,Real Estate,GREAT EASTERN HLDGS LTD ,0,G07.SI,Financials,DUTECH HOLDINGS LIMITED ,0,CZ4.SI,Industrials,G. K. GOH HOLDINGS LIMITED ,-10.79365079,G41.SI,Industrials
20,GSS ENERGY LIMITED,0,41F.SI,Information Technology,CWX GLOBAL LIMITED,-22.98850575,594.SI,Energy,CHINA JINJIANG ENV HLDG CO LTD,-21.05263158,BWM.SI,Utilities,GKE CORPORATION LIMITED ,25.64102564,595.SI,Industrials,FRAGRANCE GROUP LIMITED ,5,F31.SI,Real Estate,HOR KEW CORPORATION LIMITED ,89.07103825,BBP.SI,Industrials,HAW PAR CORP LTD,-23.84615385,H02.SI,Healthcare,ENVICTUS INTERNATIONAL HLDGLTD ,18.18181818,BQD.SI,Consumer Staples,GLOBAL INVACOM GROUP LIMITED,16.66666667,QS9.SI,Information Technology
21,GUOCOLAND LIMITED,0,F17.SI,Real Estate,DYNAMIC COLOURS LIMITED ,-3.846153846,D6U.SI,Materials,COSMOSTEEL HOLDINGS LIMITED,-17.62114537,B9S.SI,Energy,GLOBAL TESTING CORPORATION LTD,3.614457831,AYN.SI,Information Technology,"FRASER AND NEAVE, LIMITED ",20.91690544,F99.SI,Consumer Staples,HUAN HSIN HOLDINGS LTD ,15.90909091,H16.SI,Information Technology,HEALTHWAY MEDICAL CORP LTD ,-33.33333333,5NG.SI,Healthcare,FAR EAST ORCHARD LIMITED ,0.323624595,O10.SI,Real Estate,GOODLAND GROUP LIMITED ,2.222222222,5PC.SI,Real Estate
22,HATTEN LAND LIMITED ,4.249291785,PH0.SI,Real Estate,ENVIRO-HUB HOLDINGS LTD,-4.80349345,L23.SI,Materials,CPH LTD ,0,539.SI,Information Technology,HALCYON AGRI CORPORATION LTD,4.854368932,5VJ.SI,Industrials,FRASERS PROPERTY LIMITED ,6.111111111,TQ5.SI,Real Estate,HUATIONG GLOBAL LIMITED ,54.93199525,41B.SI,Industrials,INDOFOOD AGRI RESOURCES LTD.,-5.263157895,5JS.SI,Consumer Staples,FIGTREE HOLDINGS LIMITED ,0,5F4.SI,Industrials,HEATEC JIETONG HOLDINGS LTD.,16.66666667,5OR.SI,Energy
23,HEETON HOLDINGS LIMITED ,25.6684492,5DP.SI,Real Estate,ES GROUP (HOLDINGS),-16.91176471,5RC.SI,Industrials,DATAPULSE TECHNOLOGY LIMITED ,4.255319149,BKW.SI,Information Technology,HOE LEONG CORPORATION LTD.,8.108108108,H20.SI,Industrials,GL LIMITED ,27.27272727,B16.SI,Consumer Discretionary,HUPSTEEL LTD,28.37837838,BMH.SI,Industrials,JB FOODS LIMITED,-16.66666667,BEW.SI,Consumer Staples,FIRST SHIP LEASE TRUST ,-2.43902439,D8DU.SI,Financials,HI-P INTERNATIONAL LIMITED ,-50,H17.SI,Information Technology
24,HG METAL MANUFACTURING LTD,0.81300813,BTG.SI,Industrials,EUROSPORTS GLOBAL LIMITED ,-1.694915254,5G1.SI,Consumer Discretionary,DEL MONTE PACIFIC LIMITED ,0,D03.SI,Consumer Staples,HONG FOK CORPORATION LTD,0.803212851,H30.SI,Real Estate,GLOBAL PALM RESOURCES HLGS LTD,15.38461538,BLW.SI,Consumer Staples,ICP LTD ,8.695652174,5I4.SI,Industrials,KOP LIMITED ,-8.474576271,5I1.SI,Consumer Discretionary,FUXING CHINA GROUP LIMITED ,-6.349206349,AWK.SI,Consumer Discretionary,HOSEN GROUP LTD,5.128205128,5EV.SI,Consumer Staples
25,HIAP SENG ENGINEERING LTD,1.162790698,510.SI,Energy,FAR EAST GROUP LIMITED ,-0.476190476,5TJ.SI,Industrials,DESIGN STUDIO GROUP LTD. ,-0.71942446,D11.SI,Industrials,IPCO INT'L LIMITED,2.222222222,I11.SI,Utilities,GOLDEN AGRI-RESOURCES LTD,6.338028169,E5H.SI,Consumer Staples,IFAST CORPORATION LTD. ,11.11111111,AIY.SI,Information Technology,LEADER ENVIRONMENTAL TECH LTD ,-4.838709677,LS9.SI,Industrials,GLOBAL INVESTMENTS LIMITED ,-9.016393443,B73.SI,Financials,HOTEL GRAND CENTRAL LTD ,23.03664921,H18.SI,Consumer Discretionary
26,HLH GROUP LIMITED,15.15151515,H27.SI,Consumer Staples,FIRST SPONSOR GROUP LIMITED,-17.39130435,ADN.SI,Real Estate,DUTY FREE INTERNATIONALLIMITED,-18.6440678,5SO.SI,Consumer Discretionary,JADASON ENTERPRISES LTD,4.958677686,J03.SI,Information Technology,GS HOLDINGS LIMITED ,33.33333333,43A.SI,Industrials,INTRACO LIMITED,35.13513514,I06.SI,Industrials,MENCAST HOLDINGS LTD. ,-1.910828025,5NF.SI,Energy,GLOBAL YELLOW PAGES LIMITED,0.621118012,AWS.SI,Consumer Discretionary,HOTEL PROPERTIES LTD ,0,H15.SI,Consumer Discretionary
27,HOCK LIAN SENG HOLDINGS LTD,20.23809524,J2T.SI,Industrials,GALLANT VENTURE LTD. ,-7.407407407,5IG.SI,Industrials,DYNA-MAC HOLDINGS LTD. ,-21.21272564,NO4.SI,Energy,KOH BROTHERS ECO ENGG LIMITED,1.587301587,5HV.SI,Industrials,HANWELL HOLDINGS LIMITED ,27.27272727,DM0.SI,Consumer Staples,JAPAN FOODS HOLDING LTD. ,10.23622047,5OI.SI,Consumer Discretionary,MEWAH INTERNATIONAL INC.,-2,MV4.SI,Consumer Staples,GRAND BANKS YACHTS LIMITED,7.692307692,G50.SI,Industrials,HRNETGROUP LIMITED ,-8,CHZ.SI,Industrials
28,IHH HEALTHCARE BERHAD ,27.55102041,Q0F.SI,Healthcare,GCCP RESOURCES LIMITED ,-6.741573034,41T.SI,Materials,ELEC & ELTEK INT CO LTD ,-1.538461538,E16.SI,Information Technology,LIAN BENG GROUP LTD ,2.43902439,L03.SI,Industrials,HEALTH MANAGEMENT INTL LTD ,6.060606061,588.SI,Healthcare,KINGBOARD COPPER FOIL HDGS LTD,95,K14.SI,Materials,MOYA HOLDINGS ASIA LIMITED ,-2.158273381,5WE.SI,Industrials,GREEN BUILD TECHNOLOGY LIMITED ,6.432748538,Y06.SI,Industrials,HU AN CABLE HOLDINGS LTD.,1.538461538,KI3.SI,Industrials
29,INTERRA RESOURCES LIMITED ,10.75949367,5GI.SI,Energy,GENTING HONG KONG LIMITED ,-7.407407407,S21.SI,Consumer Discretionary,FU YU CORPORATION LTD ,-8,F13.SI,Industrials,LTC CORPORATION LIMITED ,0.543478261,L17.SI,Materials,HUTCHISON PORT HLDGS TRUST S$,23.80952381,P7VU.SI,Industrials,LHT HOLDINGS LIMITED ,10.03552398,BEI.SI,Materials,MS HOLDINGS LIMITED ,1.265822785,40U.SI,Industrials,GSH CORPORATION LIMITED ,-4.347826087,BDX.SI,Information Technology,HUTCHISON PORT HOLDINGS TRUST,-2.127659574,NS8U.SI,Industrials
30,ISOTEAM LTD.,13.63636364,5WF.SI,Industrials,GP INDUSTRIES LIMITED ,-2.762430939,G20.SI,Information Technology,FUJI OFFSET PLATES MFG LTD ,-13.68421053,508.SI,Industrials,M1 LIMITED ,0,B2F.SI,Telecommunications,IFS CAPITAL LIMITED,28.57142857,I49.SI,Financials,LUM CHANG HOLDINGS LIMITED,17.0212766,L19.SI,Industrials,NET PACIFIC FIN HLDGS LTD ,-7.01754386,5QY.SI,Financials,HC SURGICAL SPECIALISTSLIMITED,0,1B1.SI,Healthcare,INTERNATIONAL PRESS SOFTCOM,-8.695652174,571.SI,Information Technology
31,JUMBO GROUP LIMITED ,4.285714286,42R.SI,Consumer Discretionary,ISDN HOLDINGS LIMITED ,-3.738317757,I07.SI,Industrials,FULL APEX ,-17.24137931,BTY.SI,Materials,MALAYSIA SMELTING CORP BHD 100,5.714285714,NC9.SI,Materials,IPC CORPORATION LIMITED ,33.33333333,AZA.SI,Real Estate,MIRACH ENERGY LIMITED ,2.608695652,AWO.SI,Energy,NETLINK NBN TRUST,-14.52991453,CJLU.SI,Telecommunications,HONG LEONG FINANCE LIMITED,-2.173913043,S41.SI,Financials,IX BIOPHARMA LTD.,-2.857142857,42C.SI,Healthcare
32,KEPPEL TELE & TRAN,24.03100775,K11.SI,Industrials,ISEC HEALTHCARE LTD. ,-23.72881356,40T.SI,Healthcare,HAI LECK HOLDINGS LIMITED ,1.136363636,BLH.SI,Energy,METECH INTERNATIONAL LIMITED ,8.080808081,QG1.SI,Industrials,IPS SECUREX HOLDINGS LIMITED,-10.86956522,42N.SI,Information Technology,MMP RESOURCES LIMITED ,18.98734177,F3V.SI,Industrials,OUE LIMITED ,0,LJ3.SI,Consumer Discretionary,IMPERIUM CROWN LIMITED ,-2.958579882,5HT.SI,Real Estate,JARDINE STRATEGIC HLDGS LTD ,-2.097902098,J37.SI,Industrials
33,KHONG GUAN LIMITED ,88.88888889,K03.SI,Consumer Staples,JARDINE CYCLE & CARRIAGE LTD,-66.66666667,C07.SI,Consumer Discretionary,HIAP TONG CORPORATION LTD.,-14.21052632,5PO.SI,Industrials,METRO HOLDINGS LIMITED ,2.325581395,M01.SI,Consumer Discretionary,JOYAS INTERNATIONAL HLDGS LTD ,2.197802198,E9L.SI,Consumer Discretionary,NATURAL COOL HOLDINGS LIMITED,30.6122449,5IF.SI,Industrials,OVERSEA-CHINESE BANKING CORP,-3.06122449,O39.SI,Financials,INNOPAC HOLDINGS LIMITED ,8.695652174,I26.SI,Financials,KS ENERGY LIMITED,0,578.SI,Industrials
34,KING WAN CORPORATION LIMITED ,21.05263158,554.SI,Industrials,KARIN TECHNOLOGY HLDGS LIMITED,-15.55555556,K29.SI,Information Technology,HL GLOBAL ENTERPRISES LIMITED ,-25.66371681,AVX.SI,Consumer Discretionary,MIDAS HLDGS LIMITED ,8.064516129,5EN.SI,Materials,LIONGOLD CORP LTD,2.941176471,A78.SI,Materials,NERATELECOMMUNICATIONS LTD ,5.723905724,N01.SI,Information Technology,PARKSON RETAIL ASIA LIMITED ,-1.219512195,O9E.SI,Consumer Discretionary,INNOTEK LIMITED,1.923076923,M14.SI,Industrials,KTL GLOBAL LIMITED,-10.71428571,EB7.SI,Industrials
35,KSH HOLDINGS LIMITED ,4.587155963,ER0.SI,Industrials,KEONG HONG HOLDINGS LIMITED,-8.256880734,5TT.SI,Industrials,HO BEE LAND LIMITED,-10.05747126,H13.SI,Real Estate,MULTI-CHEM LIMITED,4.411764706,AWZ.SI,Information Technology,MANDARIN ORIENTAL INTL LTD ,8.450704225,M04.SI,Consumer Discretionary,OLAM INTERNATIONAL LIMITED ,16.21621622,O32.SI,Consumer Staples,PROGEN HOLDINGS LTD ,-6.666666667,583.SI,Industrials,ISR CAPITAL LIMITED,-20.58823529,5EC.SI,Financials,LOW KENG HUAT,-6.944444444,F1E.SI,Industrials
36,LAFE CORPORATION LIMITED ,4.424778761,AYB.SI,Real Estate,KEPPEL INFRA TRUST WEF 2015 ,-14.05835544,A7RU.SI,Utilities,HONG LEONG ASIA LTD. ,-9.090909091,H22.SI,Industrials,NEW WAVE HOLDINGS LTD.,59.63855422,5FX.SI,Industrials,MATEX INTERNATIONAL LIMITED ,19.08396947,M15.SI,Materials,PERENNIAL REAL ESTATE HLDGSLTD,12.97709924,40S.SI,Real Estate,RAFFLES EDUCATION CORP LTD ,4.285714286,NR7.SI,Consumer Discretionary,JAPFA LTD. ,-30.48314216,UD2.SI,Consumer Staples,MAGNUS ENERGY GROUP LTD. ,-6.593406593,41S.SI,Energy
37,LCT HOLDINGS LIMITED ,17.5,BJL.SI,Information Technology,KOYO INTERNATIONAL LIMITED ,-27.27272727,5OC.SI,Industrials,HONGKONG LAND HOLDINGS LIMITED,-6.32183908,H78.SI,Real Estate,OKH GLOBAL LTD.,2.083333333,S3N.SI,Industrials,MEGACHEM LIMITED,11.70212766,5DS.SI,Industrials,PHARMESIS INTERNATIONAL LTD.,16.56441718,BFK.SI,Healthcare,RAFFLES MEDICAL GROUP LTD ,-7.01754386,BSL.SI,Healthcare,JUBILEE INDUSTRIES HLDGS LTD. ,-20,5OS.SI,Industrials,MM2 ASIA LTD.,-12.5,1B0.SI,Consumer Discretionary
38,LUXKING GROUP HOLDINGS LIMITED,7.317073171,BKK.SI,Industrials,KRISENERGY LTD.,-17.64705882,SK3.SI,Energy,HOTEL ROYAL LTD,-33.33333333,H12.SI,Consumer Discretionary,OSSIA INTERNATIONAL LTD,-5.673758865,O08.SI,Consumer Discretionary,NIPPECRAFT LIMITED,22.22222222,N32.SI,Industrials,POLLUX PROPERTIES LTD. ,37.28813559,5AE.SI,Real Estate,SINGAPORE KITCHEN EQUIPMENTLTD,-0.377358491,5WG.SI,Industrials,KATRINA GROUP LTD.,-0.869565217,1A0.SI,Consumer Discretionary,OCEANUS GROUP LIMITED ,-2.127659574,579.SI,Consumer Staples
39,MEDTECS INTERNATIONAL CORP LTD ,16.12903226,546.SI,Healthcare,LASSETERS INTL HOLDINGS LTD,-19.81132075,5EL.SI,Consumer Discretionary,HOTUNG INVESTMENT HLDGS LTD ,-20.14388489,BLS.SI,Financials,OUE LIPPO HEALTHCARE LTD,1.818181818,5WA.SI,Healthcare,NORDIC GROUP LIMITED ,74.66666667,MR7.SI,Industrials,POWERMATIC DATA SYSTEMS LTD ,4.661021186,BCY.SI,Information Technology,SINJIA LAND LIMITED,-7.692307692,5HH.SI,Materials,KEPPEL CORPORATION LIMITED ,-4,BN4.SI,Industrials,OVERSEAS EDUCATION LIMITED,7.142857143,RQ1.SI,Consumer Discretionary
40,NAUTICAWT LIMITED,10.20408163,42D.SI,Energy,LHN LIMITED ,-13.51351351,41O.SI,Real Estate,HWA HONG CORPORATION LIMITED ,-0.8,H19.SI,Real Estate,OUHUA ENERGY HOLDINGS LIMITED,7.142857143,AJ2.SI,Energy,PLATO CAPITAL LIMITED ,4.761904762,5PI.SI,Information Technology,PSL HOLDINGS LTD,50,BLL.SI,Industrials,SPACKMAN ENTERTAINMENT GRP LTD ,1.219512195,40E.SI,Consumer Discretionary,KIMHENG OFFSHORE&MARINE HLDLTD ,3.333333333,5G2.SI,Energy,PACIFIC RADIANCE LTD. ,9.230769231,T8V.SI,Energy
41,NEO GROUP LIMITED,6.382978723,5UJ.SI,Industrials,LIFEBRANDZ LTD.,-47.2972973,1D3.SI,Consumer Discretionary,HYFLUX LTD ,-17.70833333,600.SI,Utilities,PAN-UNITED CORPORATION LTD,-4.736842105,P52.SI,Industrials,REX INTERNATIONAL HOLDING LTD,1.204819277,5WH.SI,Energy,RAFFLES UNITED HOLDINGS LTD.,51.68539326,K22.SI,Industrials,SUNMOON FOOD COMPANY LIMITED,-27.27272727,AAJ.SI,Consumer Staples,LEE METAL GROUP LTD ,-1.45631068,593.SI,Materials,PNE INDUSTRIES LTD,6.451612903,BDA.SI,Information Technology
42,OLD CHANG KEE LTD.,5.294117647,5ML.SI,Consumer Staples,LION ASIAPAC LTD,-26.08695652,BAZ.SI,Materials,IEV HOLDINGS LIMITED ,-3.676470588,5TN.SI,Energy,PLASTOFORM HOLDINGS LIMITED,9.523809524,AYD.SI,Consumer Discretionary,RH PETROGAS LIMITED ,87.09677419,T13.SI,Energy,SBI OFFSHORE LIMITED ,21.95121951,5PL.SI,Industrials,TEHO INTERNATIONAL INC LTD. ,6.397306397,5OQ.SI,Industrials,LUNG KEE BERMUDA,7.865168539,L09.SI,Industrials,SARINE TECHNOLOGIES LTD,2.494954637,U77.SI,Industrials
43,PEC LTD. ,14.28571429,IX2.SI,Industrials,MDR LIMITED ,-27.5,A27.SI,Information Technology,INFINIO GROUP LIMITED ,-38.23529412,5G4.SI,Materials,PROCURRI CORPORATION LIMITED ,1.515151515,BVQ.SI,Information Technology,RHT HEALTH TRUST,63.26530612,RF1U.SI,Healthcare,SEMBCORP MARINE LTD ,2.409638554,S51.SI,Industrials,THE HOUR GLASS LIMITED ,-7.865168539,AGS.SI,Consumer Discretionary,LUZHOU BIO-CHEM TECHNOLOGY LTD,0,L46.SI,Consumer Staples,SECOND CHANCE PROPERTIES LTD,0.649350649,528.SI,Consumer Discretionary
44,PENGUIN INTERNATIONAL LIMITED ,5.882352941,BTM.SI,Industrials,MEGHMANI ORGANICS LIMITED ,-7.792207792,M30.SI,Materials,INFORMATICS EDUCATION LTD.,-8.695652174,BOU.SI,Consumer Discretionary,QIAN HU CORPORATION LIMITED ,-2.173913043,BCV.SI,Consumer Discretionary,SANLI ENVIRONMENTAL LIMITED ,-1.333333333,1E3.SI,Industrials,SEN YUE HOLDINGS LIMITED ,4.419889503,5BS.SI,Industrials,THE PLACE HOLDINGS LIMITED ,-9.375,E27.SI,Information Technology,MARCO POLO MARINE LTD. ,-7.142857143,5LY.SI,Industrials,SIN GHEE HUAT CORPORATION LTD.,-10,B7K.SI,Industrials
45,SAPPHIRE CORPORATION LIMITED ,3.703703704,BRD.SI,Industrials,MERCURIUS CAP INVESTMENT LTD,-6.818181818,5RF.SI,Consumer Discretionary,JACKSPEED CORPORATION LIMITED ,-30.18867925,J17.SI,Consumer Discretionary,RAMBA ENERGY LIMITED ,2.017291066,R14.SI,Industrials,SHANGHAI TURBO ENTERPRISES LTD,4.813359528,AWM.SI,Industrials,SHENG SIONG GROUP LTD ,29.62962963,OV8.SI,Consumer Staples,UNITED INDUSTRIAL CORP LTD ,0,U06.SI,Real Estate,MEMTECH INTERNATIONAL LTD,-1.075268817,BOL.SI,Information Technology,SINGAPORE AIRLINES LTD ,6.666666667,C6L.SI,Industrials
46,SBS TRANSIT LTD,22.64150943,S61.SI,Industrials,MERMAID MARITIME PUBLIC CO LTD,-28.92561983,DU4.SI,Energy,JARDINE MATHESON HLDGS LTD ,-4.455445545,J36.SI,Industrials,RIVERSTONE HOLDINGS LIMITED,17.94871795,AP4.SI,Industrials,SIA ENGINEERING CO LTD ,79.48717949,S59.SI,Industrials,SIN HENG HEAVY MACHINERY LTD,23.59550562,BKA.SI,Industrials,VIKING OFFSHORE AND MARINE LTD,3.007518797,557.SI,Energy,METAL COMPONENT ENGG LTD ,-9.333333333,5DX.SI,Industrials,SOILBUILD CONSTRUCTION GRP LTD ,1.212121212,S7P.SI,Industrials
47,SING HOLDINGS LIMITED ,-3.846153846,5IC.SI,Real Estate,MTQ CORPORATION LIMITED ,-33.14285714,M05.SI,Energy,JASON MARINE GROUP LIMITED,-2.597402597,5PF.SI,Industrials,SAMKO TIMBER LIMITED ,0.675675676,E6R.SI,Materials,SINGAPORE PRESS HLDGS LTD ,25.61576355,T39.SI,Consumer Discretionary,SINCAP GROUP LIMITED ,8.778625954,5UN.SI,Industrials,WORLD CLASS GLOBAL LIMITED,1.923076923,1E6.SI,Real Estate,MIYOSHI LIMITED,-17.80821918,M03.SI,Industrials,STAMFORD TYRES CORPORATIONLTD,0,S29.SI,Consumer Discretionary
48,STARBURST HOLDINGS LIMITED,4.521276596,40D.SI,Industrials,NAM LEE PRESSED METAL INDS LTD,-30.81395349,G0I.SI,Industrials,JASPER INVESTMENTS LIMITED ,-11.36363636,FQ7.SI,Energy,SAMUDERA SHIPPING LINE LTD ,4.255319149,S56.SI,Industrials,SINGAPORE REINSURANCE COR LTD ,54.54545455,S49.SI,Financials,SINGHAIYI GROUP LTD. ,13.92405063,5H0.SI,Real Estate,NA,NA,NA,NA,MONEYMAX FINANCIAL SERVICESLTD ,-13.88888889,5WJ.SI,Consumer Discretionary,TAT HONG HOLDINGS LTD ,7.142857143,T03.SI,Industrials
49,STARHUB LTD ,1.398601399,CC3.SI,Telecommunications,NICO STEEL HOLDINGS LIMITED,-16.27906977,5GF.SI,Materials,JEP HOLDINGS LTD.,-9.259259259,5FA.SI,Industrials,SATS LTD. ,8.797909408,S58.SI,Industrials,SINGAPURA FINANCE LTD ,16.16161616,S23.SI,Financials,SINGTEL ,15,Z74.SI,Telecommunications,NA,NA,NA,NA,NGSC LIMITED ,1.337792642,B07.SI,Telecommunications,TIONG SENG HOLDINGS LIMITED,13.33333333,BFI.SI,Industrials
50,SUTL ENTERPRISE LIMITED ,-2.222222222,BHU.SI,Information Technology,NSL LTD. ,-6.741573034,N02.SI,Materials,JIUTIAN CHEMICAL GROUP LIMITED,1.351351351,C8R.SI,Materials,SILVERLAKE AXIS LTD,16.53543307,5CP.SI,Information Technology,SOO KEE GROUP LTD.,2.283105023,42G.SI,Consumer Discretionary,SUNPOWER GROUP LTD. ,16.99623352,5GD.SI,Industrials,NA,NA,NA,NA,NTEGRATOR INTERNATIONAL LTD,-4.109589041,5HC.SI,Information Technology,TMC EDUCATION CORPORATION LTD,0,586.SI,Consumer Discretionary
51,TELECHOICE INTERNATIONAL LTD,25.6684492,T41.SI,Information Technology,OCEAN SKY INTERNATIONAL LTD,-4.838709677,1B6.SI,Real Estate,KENCANA AGRI LIMITED ,-25,BNE.SI,Consumer Staples,SINGAPORE POST LIMITED ,9.756097561,S08.SI,Industrials,SP CORPORATION LIMITED ,6.976744186,AWE.SI,Industrials,SUNTAR ECO-CITY LIMITED ,200,BKZ.SI,Healthcare,NA,NA,NA,NA,OXLEY HOLDINGS LIMITED ,-6.18556701,5UX.SI,Real Estate,UMS HOLDINGS LIMITED ,0,558.SI,Information Technology
52,THAI BEVERAGE PUBLIC CO LTD,50,Y92.SI,Consumer Staples,OLIVE TREE ESTATES LIMITED ,-4.819277108,1H2.SI,Materials,KIMLY LIMITED,-5.128205128,1D0.SI,Consumer Discretionary,SINGAPORE TECH ENGINEERING LTD,2.684563758,S63.SI,Industrials,TLV HOLDINGS LIMITED ,20,42L.SI,Consumer Discretionary,SUNVIC CHEMICAL HOLDINGS LTD,5.722070845,A7S.SI,Materials,NA,NA,NA,NA,P5 CAPITAL HOLDINGS LTD.,-4.516129032,5AI.SI,Industrials,UNITED OVERSEAS INSURANCE LTD,-1.428571429,U13.SI,Financials
53,UNITED FOOD HOLDINGS LIMITED,4.444444444,AZR.SI,Consumer Staples,PACIFIC CENTURY REGIONAL DEVTS,-20.32520325,P15.SI,Financials,KINGSMEN CREATIVES LTD,-11.11111111,5MZ.SI,Industrials,STAR PHARMACEUTICAL LIMITED ,-3.921568627,AYL.SI,Healthcare,TRANSCORP HOLDINGS LIMITED,32.35294118,T19.SI,Consumer Discretionary,TOP GLOVE CORPORATION BHD,9.565217391,BVA.SI,Healthcare,NA,NA,NA,NA,PAVILLON HOLDINGS LTD. ,-11.11111111,596.SI,Consumer Discretionary,WEIYE HOLDINGS LIMITED ,-0.4784689,BMA.SI,Real Estate
54,UOL GROUP LIMITED,43.75,U14.SI,Real Estate,PACIFIC STAR DEVELOPMENT LTD,-14.40677966,1C5.SI,Real Estate,KLW HOLDINGS LTD,30,504.SI,Industrials,STRACO CORPORATION LIMITED ,4.761904762,S85.SI,Consumer Discretionary,TUAN SING HOLDINGS LIMITED ,104.5454545,T24.SI,Real Estate,TUNG LOK RESTAURANTS 2000 LTD ,50.90909091,540.SI,Consumer Discretionary,NA,NA,NA,NA,PINE CAPITAL GROUP LIMITED ,7.317073171,ADJ.SI,Consumer Discretionary,YHI INTERNATIONAL LIMITED ,0,BPF.SI,Consumer Discretionary
55,VARD HOLDINGS LIMITED ,0,MS7.SI,Industrials,PAN HONG HOLDINGS GROUP LTD ,-6.25,P36.SI,Real Estate,KODA LTD ,-19.13043478,BJZ.SI,Consumer Discretionary,TIH LIMITED ,0,T55.SI,Financials,TYE SOON LTD,2.325581395,BFU.SI,Consumer Discretionary,WORLD PRECISION MACHINERY LTD,107.8947368,B49.SI,Industrials,NA,NA,NA,NA,ROWSLEY LTD.,-6.25,A50.SI,Financials,NA,NA,NA,NA
56,WILMAR INTERNATIONAL LIMITED ,24.65753425,F34.SI,Consumer Staples,PRUDENTIAL PLC,-3.765690377,K6S.SI,Financials,KOH BROTHERS GROUP LIMITED,-20.63492063,K75.SI,Industrials,TSH CORPORATION LIMITED ,22.22222222,574.SI,Consumer Discretionary,UNI-ASIA GROUP LIMITED ,7.079646018,CHJ.SI,Financials,YING LI INTL REAL ESTATE LTD ,10.2083375,5DM.SI,Real Estate,NA,NA,NA,NA,RYOBI KISO HOLDINGS LTD.,-9.803921569,BDN.SI,Industrials,NA,NA,NA,NA
57,WONG FONG INDUSTRIES LIMITED,10.6557377,1A1.SI,Industrials,QAF LTD ,-11.42857143,Q01.SI,Consumer Staples,KOON HOLDINGS LIMITED ,-5.940594059,5DL.SI,Industrials,VALLIANZ HOLDINGS LIMITED ,13.04347826,545.SI,Energy,UNUSUAL LIMITED,29.50819672,1D1.SI,Consumer Discretionary,YOMA STRATEGIC HOLDINGS LTD,26.60869565,Z59.SI,Real Estate,NA,NA,NA,NA,SAKAE HOLDINGS LTD. ,7.142857143,5DO.SI,Consumer Discretionary,NA,NA,NA,NA
58,YANLORD LAND GROUP LIMITED,1.115241636,Z25.SI,Real Estate,QT VASCULAR LTD.,-25,5I0.SI,Healthcare,LEY CHOON GROUP HLDG LIMITED,-2.463054187,Q0X.SI,Industrials,VALUEMAX GROUP LIMITED ,12.5,T6I.SI,Financials,WING TAI HLDGS LTD,4.416403785,W05.SI,Real Estate,ZHONGXIN FRUIT AND JUICE LTD ,0,5EG.SI,Consumer Staples,NA,NA,NA,NA,SERIAL SYSTEM LTD,6.25,S69.SI,Information Technology,NA,NA,NA,NA
59,YEO HIAP SENG LTD,13.2231405,Y03.SI,Consumer Staples,ROXY-PACIFIC HOLDINGS LIMITED,-13.67924528,E8Z.SI,Real Estate,LORENZO INTERNATIONAL LIMITED ,1.851851852,5IE.SI,Consumer Discretionary,YUUZOO CORPORATION LIMITED ,-5.404673825,AFC.SI,Information Technology,ZHONGMIN BAIHUI RETAIL GRP LTD,20,5SR.SI,Consumer Discretionary,NA,NA,NA,NA,NA,NA,NA,NA,SEROJA INVESTMENTS LIMITED ,-4.807692308,IW5.SI,Industrials,NA,NA,NA,NA
60,NA,NA,NA,NA,S I2I LIMITED ,-9.734513274,BAI.SI,Telecommunications,MAXI-CASH FIN SVCS CORP LTD ,-14.28571429,5UF.SI,Financials,NA,NA,NA,NA,NA,NA,NA,NA,NA,NA,NA,NA,NA,NA,NA,NA,SHANGRI-LA ASIA LIMITED ,0,S07.SI,Consumer Discretionary,NA,NA,NA,NA
61,NA,NA,NA,NA,SAMURAI 2K AEROSOL LIMITED,-5.172413793,1C3.SI,Materials,MEMORIES GROUP LIMITED ,0,1H4.SI,Consumer Discretionary,NA,NA,NA,NA,NA,NA,NA,NA,NA,NA,NA,NA,NA,NA,NA,NA,SINGAPORE EDEVELOPMENT LTD,-1.324503311,40V.SI,Industrials,NA,NA,NA,NA
62,NA,NA,NA,NA,SAN TEH LIMITED,0,S46.SI,Consumer Discretionary,MFG INTEGRATION TECHNOLOGY LTD,-5.901484074,M11.SI,Information Technology,NA,NA,NA,NA,NA,NA,NA,NA,NA,NA,NA,NA,NA,NA,NA,NA,SINGAPORE O&G LTD.,0,1D8.SI,Healthcare,NA,NA,NA,NA
63,NA,NA,NA,NA,SANTAK HOLDINGS LIMITED ,-12.08791209,580.SI,Industrials,MICRO-MECHANICS HOLDINGS,-10.08631985,5DD.SI,Information Technology,NA,NA,NA,NA,NA,NA,NA,NA,NA,NA,NA,NA,NA,NA,NA,NA,SINO GRANDNESS FOOD IND GP LTD,0,T4B.SI,Consumer Staples,NA,NA,NA,NA
64,NA,NA,NA,NA,SECURA GROUP LIMITED ,-3.021978022,43B.SI,Industrials,MUN SIONG ENGINEERING LIMITED ,-4,MF6.SI,Industrials,NA,NA,NA,NA,NA,NA,NA,NA,NA,NA,NA,NA,NA,NA,NA,NA,SINOSTAR PEC HOLDINGS LIMITED,2.380952381,C9Q.SI,Energy,NA,NA,NA,NA
65,NA,NA,NA,NA,SEMBCORP INDUSTRIES LTD,-9.230769231,U96.SI,Industrials,MYP LTD. ,-0.584795322,F86.SI,Real Estate,NA,NA,NA,NA,NA,NA,NA,NA,NA,NA,NA,NA,NA,NA,NA,NA,SMARTFLEX HOLDINGS LTD,1.5625,5RE.SI,Information Technology,NA,NA,NA,NA
66,NA,NA,NA,NA,SHS HOLDINGS LTD.,-3.076923077,566.SI,Energy,NEW TOYO INT HLDGS LTD ,3.571428571,N08.SI,Materials,NA,NA,NA,NA,NA,NA,NA,NA,NA,NA,NA,NA,NA,NA,NA,NA,STARLAND HOLDINGS LIMITED ,-3.636363636,5UA.SI,Real Estate,NA,NA,NA,NA
67,NA,NA,NA,NA,SIIC ENVIRONMENT HOLDINGS LTD.,-8.474576271,BHK.SI,Utilities,NOBLE GROUP LIMITED ,-8.474576271,CGP.SI,Industrials,NA,NA,NA,NA,NA,NA,NA,NA,NA,NA,NA,NA,NA,NA,NA,NA,SUNNINGDALE TECH LTD ,-5.172413793,BHQ.SI,Industrials,NA,NA,NA,NA
68,NA,NA,NA,NA,SINARMAS LAND LIMITED ,-11.53846154,A26.SI,Real Estate,NOEL GIFTS INTERNATIONAL LTD,-17.14285714,543.SI,Consumer Discretionary,NA,NA,NA,NA,NA,NA,NA,NA,NA,NA,NA,NA,NA,NA,NA,NA,SUNRIGHT LTD,1.369863014,S71.SI,Information Technology,NA,NA,NA,NA
69,NA,NA,NA,NA,SINGAPORE MYANMAR INVESTCO LTD ,-51.80722892,Y45.SI,Industrials,NUTRYFARM INTERNATIONAL LTD,-45.72864322,AZT.SI,Consumer Staples,NA,NA,NA,NA,NA,NA,NA,NA,NA,NA,NA,NA,NA,NA,NA,NA,TA CORPORATION LTD,0,PA3.SI,Industrials,NA,NA,NA,NA
70,NA,NA,NA,NA,SITRA HOLDINGS ,-12.5,5LE.SI,Consumer Discretionary,OKP HOLDINGS LIMITED ,0.900900901,5CF.SI,Industrials,NA,NA,NA,NA,NA,NA,NA,NA,NA,NA,NA,NA,NA,NA,NA,NA,TALKMED GROUP LIMITED ,4.95049505,5G3.SI,Healthcare,NA,NA,NA,NA
71,NA,NA,NA,NA,SOON LIAN HOLDINGS LIMITED ,-9.855072464,5MD.SI,Industrials,PACC OFFSHORE SVCS HLDG LTD. ,-17.44186047,U6C.SI,Energy,NA,NA,NA,NA,NA,NA,NA,NA,NA,NA,NA,NA,NA,NA,NA,NA,TEE LAND LIMITED,-3.846153846,S9B.SI,Real Estate,NA,NA,NA,NA
72,NA,NA,NA,NA,SPINDEX INDUSTRIES LIMITED ,-6.849315068,564.SI,Industrials,PAN ASIAN HOLDINGS LIMITED ,-26.53061224,5EW.SI,Industrials,NA,NA,NA,NA,NA,NA,NA,NA,NA,NA,NA,NA,NA,NA,NA,NA,THAKRAL CORPORATION LTD,3.846153846,AWI.SI,Consumer Discretionary,NA,NA,NA,NA
73,NA,NA,NA,NA,STRAITS TRADING CO. LTD ,-8.943089431,S20.SI,Materials,"PAN OCEAN CO., LTD.",-30.70175439,AZY.SI,Industrials,NA,NA,NA,NA,NA,NA,NA,NA,NA,NA,NA,NA,NA,NA,NA,NA,TIONG WOON CORP HOLDING LTD,5.882352941,BQM.SI,Industrials,NA,NA,NA,NA
74,NA,NA,NA,NA,SWEE HONG LIMITED,-9.401709402,QF6.SI,Industrials,PCI LIMITED ,-16.21621622,P19.SI,Information Technology,NA,NA,NA,NA,NA,NA,NA,NA,NA,NA,NA,NA,NA,NA,NA,NA,TOP GLOBAL LIMITED,-9.545454545,BHO.SI,Real Estate,NA,NA,NA,NA
75,NA,NA,NA,NA,TAT SENG PACKAGING GROUP LTD ,-20.45454545,T12.SI,Materials,POLARIS LTD. ,0,5BI.SI,Telecommunications,NA,NA,NA,NA,NA,NA,NA,NA,NA,NA,NA,NA,NA,NA,NA,NA,TTJ HOLDINGS LIMITED ,-1.333333333,K1Q.SI,Industrials,NA,NA,NA,NA
76,NA,NA,NA,NA,TECKWAH INDUSTRIAL CORP LTD ,-4.615384615,561.SI,Industrials,Q & M DENTAL GROUP ,-54.83870968,QC7.SI,Healthcare,NA,NA,NA,NA,NA,NA,NA,NA,NA,NA,NA,NA,NA,NA,NA,NA,UNION GAS HOLDINGS LIMITED ,-3.513513514,1F2.SI,Utilities,NA,NA,NA,NA
77,NA,NA,NA,NA,UNION STEEL HOLDINGS LIMITED,-25,BLA.SI,Industrials,REGAL INTERNATIONAL GROUP LTD. ,-20,UV1.SI,Information Technology,NA,NA,NA,NA,NA,NA,NA,NA,NA,NA,NA,NA,NA,NA,NA,NA,UNITED GLOBAL LIMITED ,-11.76470588,43P.SI,Materials,NA,NA,NA,NA
78,NA,NA,NA,NA,UOB-KAY HIAN HOLDINGS LIMITED,-20.28985507,U10.SI,Financials,SHINVEST HOLDING LTD. ,-8.016877637,BJW.SI,Industrials,NA,NA,NA,NA,NA,NA,NA,NA,NA,NA,NA,NA,NA,NA,NA,NA,UPP HOLDINGS LIMITED ,0,U09.SI,Materials,NA,NA,NA,NA
79,NA,NA,NA,NA,VALUETRONICS HOLDINGS LIMITED,-13.07692308,BN2.SI,Information Technology,SING INVESTMENTS & FINANCE LTD ,-9.677419355,S35.SI,Financials,NA,NA,NA,NA,NA,NA,NA,NA,NA,NA,NA,NA,NA,NA,NA,NA,VENTURE CORPORATION LIMITED ,4.166666667,V03.SI,Information Technology,NA,NA,NA,NA
80,NA,NA,NA,NA,VIBROPOWER CORPORATION LIMITED ,-30.55555556,BJD.SI,Industrials,SINGAPORE EXCHANGE LIMITED,-7.142857143,S68.SI,Financials,NA,NA,NA,NA,NA,NA,NA,NA,NA,NA,NA,NA,NA,NA,NA,NA,VICPLAS INTERNATIONAL LTD,-2.777777778,569.SI,Healthcare,NA,NA,NA,NA
81,NA,NA,NA,NA,WHEELOCK PROPERTIES ,-2.58302583,M35.SI,Real Estate,SINGAPORE MEDICAL GROUP LTD ,-3.614457831,5OT.SI,Healthcare,NA,NA,NA,NA,NA,NA,NA,NA,NA,NA,NA,NA,NA,NA,NA,NA,WEE HUR HOLDINGS LTD. ,0.653594771,E3B.SI,Industrials,NA,NA,NA,NA
82,NA,NA,NA,NA,WILTON RESOURCES CORP LIMITED ,-12.5,5F7.SI,Materials,SINGAPORE SHIPPING CORP LTD ,-9.420289855,S19.SI,Industrials,NA,NA,NA,NA,NA,NA,NA,NA,NA,NA,NA,NA,NA,NA,NA,NA,XMH HOLDINGS LTD.,-0.529100529,BQF.SI,Industrials,NA,NA,NA,NA
83,NA,NA,NA,NA,Y VENTURES GROUP LTD. ,-17.39130435,1F1.SI,Consumer Discretionary,SINOCLOUD GROUP LIMITED ,-3.225806452,5EK.SI,Information Technology,NA,NA,NA,NA,NA,NA,NA,NA,NA,NA,NA,NA,NA,NA,NA,NA,YONGMAO HOLDINGS LIMITED ,0,BKX.SI,Industrials,NA,NA,NA,NA
84,NA,NA,NA,NA,YANGZIJIANG SHIPBLDG HLDGS LTD,-2.608695652,BS6.SI,Industrials,SINWA LIMITED,-6.666666667,5CN.SI,Industrials,NA,NA,NA,NA,NA,NA,NA,NA,NA,NA,NA,NA,NA,NA,NA,NA,NA,NA,NA,NA,NA,NA,NA,NA
85,NA,NA,NA,NA,YONGNAM HOLDINGS LIMITED ,1.818181818,AXB.SI,Industrials,SOUP RESTAURANT GROUP LIMITED,-2.222222222,5KI.SI,Consumer Discretionary,NA,NA,NA,NA,NA,NA,NA,NA,NA,NA,NA,NA,NA,NA,NA,NA,NA,NA,NA,NA,NA,NA,NA,NA
86,NA,NA,NA,NA,NA,NA,NA,NA,SOUTHERN PACKAGING GROUP LTD ,-6.598984772,BQP.SI,Materials,NA,NA,NA,NA,NA,NA,NA,NA,NA,NA,NA,NA,NA,NA,NA,NA,NA,NA,NA,NA,NA,NA,NA,NA
87,NA,NA,NA,NA,NA,NA,NA,NA,SRI TRANG AGRO-INDUSTRY PCL,-6.603773585,NC2.SI,Consumer Discretionary,NA,NA,NA,NA,NA,NA,NA,NA,NA,NA,NA,NA,NA,NA,NA,NA,NA,NA,NA,NA,NA,NA,NA,NA
88,NA,NA,NA,NA,NA,NA,NA,NA,STAMFORD LAND CORPORATION LTD,-11.11111111,H07.SI,Consumer Discretionary,NA,NA,NA,NA,NA,NA,NA,NA,NA,NA,NA,NA,NA,NA,NA,NA,NA,NA,NA,NA,NA,NA,NA,NA
89,NA,NA,NA,NA,NA,NA,NA,NA,SYSMA HOLDINGS LIMITED ,-15,5UO.SI,Industrials,NA,NA,NA,NA,NA,NA,NA,NA,NA,NA,NA,NA,NA,NA,NA,NA,NA,NA,NA,NA,NA,NA,NA,NA
90,NA,NA,NA,NA,NA,NA,NA,NA,TAI SIN ELECTRIC LIMITED ,-11.76470588,500.SI,Industrials,NA,NA,NA,NA,NA,NA,NA,NA,NA,NA,NA,NA,NA,NA,NA,NA,NA,NA,NA,NA,NA,NA,NA,NA
91,NA,NA,NA,NA,NA,NA,NA,NA,TEE INTERNATIONAL LIMITED ,-7.913669065,M1Z.SI,Industrials,NA,NA,NA,NA,NA,NA,NA,NA,NA,NA,NA,NA,NA,NA,NA,NA,NA,NA,NA,NA,NA,NA,NA,NA
92,NA,NA,NA,NA,NA,NA,NA,NA,TIANJIN ZHONG XIN PHARM GROUP,-0.769230769,T14.SI,Healthcare,NA,NA,NA,NA,NA,NA,NA,NA,NA,NA,NA,NA,NA,NA,NA,NA,NA,NA,NA,NA,NA,NA,NA,NA
93,NA,NA,NA,NA,NA,NA,NA,NA,TPV TECHNOLOGY LIMITED ,-20,T18.SI,Information Technology,NA,NA,NA,NA,NA,NA,NA,NA,NA,NA,NA,NA,NA,NA,NA,NA,NA,NA,NA,NA,NA,NA,NA,NA
94,NA,NA,NA,NA,NA,NA,NA,NA,TRANSIT-MIXED CONCRETE LTD,-3.90625,570.SI,Materials,NA,NA,NA,NA,NA,NA,NA,NA,NA,NA,NA,NA,NA,NA,NA,NA,NA,NA,NA,NA,NA,NA,NA,NA
95,NA,NA,NA,NA,NA,NA,NA,NA,TRAVELITE HOLDINGS LTD. ,-2.5,BCZ.SI,Consumer Discretionary,NA,NA,NA,NA,NA,NA,NA,NA,NA,NA,NA,NA,NA,NA,NA,NA,NA,NA,NA,NA,NA,NA,NA,NA
96,NA,NA,NA,NA,NA,NA,NA,NA,TREK 2000 INT'L LTD,-4.347826087,5AB.SI,Information Technology,NA,NA,NA,NA,NA,NA,NA,NA,NA,NA,NA,NA,NA,NA,NA,NA,NA,NA,NA,NA,NA,NA,NA,NA
97,NA,NA,NA,NA,NA,NA,NA,NA,TRITECH GROUP LIMITED ,-4,5G9.SI,Industrials,NA,NA,NA,NA,NA,NA,NA,NA,NA,NA,NA,NA,NA,NA,NA,NA,NA,NA,NA,NA,NA,NA,NA,NA
98,NA,NA,NA,NA,NA,NA,NA,NA,UNITED ENGINEERS LTD ORD ,0,U04.SI,Industrials,NA,NA,NA,NA,NA,NA,NA,NA,NA,NA,NA,NA,NA,NA,NA,NA,NA,NA,NA,NA,NA,NA,NA,NA
99,NA,NA,NA,NA,NA,NA,NA,NA,UNITED OVERSEAS AUSTRALIA LTD,1.724137931,EH5.SI,Real Estate,NA,NA,NA,NA,NA,NA,NA,NA,NA,NA,NA,NA,NA,NA,NA,NA,NA,NA,NA,NA,NA,NA,NA,NA
100,NA,NA,NA,NA,NA,NA,NA,NA,UNITED OVERSEAS BANK LTD ,-4.548668395,U11.SI,Financials,NA,NA,NA,NA,NA,NA,NA,NA,NA,NA,NA,NA,NA,NA,NA,NA,NA,NA,NA,NA,NA,NA,NA,NA
101,NA,NA,NA,NA,NA,NA,NA,NA,USP GROUP LIMITED,0.877192982,BRS.SI,Energy,NA,NA,NA,NA,NA,NA,NA,NA,NA,NA,NA,NA,NA,NA,NA,NA,NA,NA,NA,NA,NA,NA,NA,NA
102,NA,NA,NA,NA,NA,NA,NA,NA,VASHION GROUP LTD.,-17.50687443,1F4.SI,Consumer Discretionary,NA,NA,NA,NA,NA,NA,NA,NA,NA,NA,NA,NA,NA,NA,NA,NA,NA,NA,NA,NA,NA,NA,NA,NA
103,NA,NA,NA,NA,NA,NA,NA,NA,VIBRANT GROUP LIMITED ,-1.578947368,BIP.SI,Industrials,NA,NA,NA,NA,NA,NA,NA,NA,NA,NA,NA,NA,NA,NA,NA,NA,NA,NA,NA,NA,NA,NA,NA,NA
104,NA,NA,NA,NA,NA,NA,NA,NA,VICOM LTD ,-2.290076336,V01.SI,Industrials,NA,NA,NA,NA,NA,NA,NA,NA,NA,NA,NA,NA,NA,NA,NA,NA,NA,NA,NA,NA,NA,NA,NA,NA
105,NA,NA,NA,NA,NA,NA,NA,NA,WILLAS-ARRAY ELEC ,-8.597285068,BDR.SI,Information Technology,NA,NA,NA,NA,NA,NA,NA,NA,NA,NA,NA,NA,NA,NA,NA,NA,NA,NA,NA,NA,NA,NA,NA,NA
106,NA,NA,NA,NA,NA,NA,NA,NA,ZICO HOLDINGS INC.,-4.037267081,40W.SI,Industrials,NA,NA,NA,NA,NA,NA,NA,NA,NA,NA,NA,NA,NA,NA,NA,NA,NA,NA,NA,NA,NA,NA,NA,NA
